ID,duration,wav,spk_id
01_0_03-01-06-01-02-01-01,3.4367708333333336,/home/caryzxy/datasets/Audio_Speech_Actors_01-24/Actor_01/03-01-06-01-02-01-01.wav,01
01_1_03-01-04-01-02-02-01,3.370041666666667,/home/caryzxy/datasets/Audio_Speech_Actors_01-24/Actor_01/03-01-04-01-02-02-01.wav,01
01_2_03-01-08-01-02-01-01,3.536875,/home/caryzxy/datasets/Audio_Speech_Actors_01-24/Actor_01/03-01-08-01-02-01-01.wav,01
01_3_03-01-02-02-02-02-01,4.004,/home/caryzxy/datasets/Audio_Speech_Actors_01-24/Actor_01/03-01-02-02-02-02-01.wav,01
01_4_03-01-03-02-01-01-01,3.6703333333333332,/home/caryzxy/datasets/Audio_Speech_Actors_01-24/Actor_01/03-01-03-02-01-01-01.wav,01
01_5_03-01-04-01-01-01-01,3.8371666666666666,/home/caryzxy/datasets/Audio_Speech_Actors_01-24/Actor_01/03-01-04-01-01-01-01.wav,01
01_6_03-01-08-01-02-02-01,3.2699166666666666,/home/caryzxy/datasets/Audio_Speech_Actors_01-24/Actor_01/03-01-08-01-02-02-01.wav,01
01_7_03-01-08-02-02-01-01,3.5035,/home/caryzxy/datasets/Audio_Speech_Actors_01-24/Actor_01/03-01-08-02-02-01-01.wav,01
01_8_03-01-05-02-01-02-01,4.371041666666667,/home/caryzxy/datasets/Audio_Speech_Actors_01-24/Actor_01/03-01-05-02-01-02-01.wav,01
01_9_03-01-03-02-02-02-01,3.9372708333333333,/home/caryzxy/datasets/Audio_Speech_Actors_01-24/Actor_01/03-01-03-02-02-02-01.wav,01
01_10_03-01-02-02-01-02-01,4.004,/home/caryzxy/datasets/Audio_Speech_Actors_01-24/Actor_01/03-01-02-02-01-02-01.wav,01
01_11_03-01-06-01-01-01-01,3.6703333333333332,/home/caryzxy/datasets/Audio_Speech_Actors_01-24/Actor_01/03-01-06-01-01-01-01.wav,01
01_12_03-01-05-01-02-02-01,3.7370625,/home/caryzxy/datasets/Audio_Speech_Actors_01-24/Actor_01/03-01-05-01-02-02-01.wav,01
01_13_03-01-07-01-01-02-01,3.9038958333333333,/home/caryzxy/datasets/Audio_Speech_Actors_01-24/Actor_01/03-01-07-01-01-02-01.wav,01
01_14_03-01-05-01-02-01-01,3.5035,/home/caryzxy/datasets/Audio_Speech_Actors_01-24/Actor_01/03-01-05-01-02-01-01.wav,01
01_15_03-01-07-02-01-02-01,4.104104166666667,/home/caryzxy/datasets/Audio_Speech_Actors_01-24/Actor_01/03-01-07-02-01-02-01.wav,01
01_16_03-01-01-01-02-02-01,3.1698333333333335,/home/caryzxy/datasets/Audio_Speech_Actors_01-24/Actor_01/03-01-01-01-02-02-01.wav,01
01_17_03-01-04-01-01-02-01,3.5702291666666666,/home/caryzxy/datasets/Audio_Speech_Actors_01-24/Actor_01/03-01-04-01-01-02-01.wav,01
01_18_03-01-07-02-02-01-01,4.037375,/home/caryzxy/datasets/Audio_Speech_Actors_01-24/Actor_01/03-01-07-02-02-01-01.wav,01
01_19_03-01-02-01-01-01-01,3.5368541666666666,/home/caryzxy/datasets/Audio_Speech_Actors_01-24/Actor_01/03-01-02-01-01-01-01.wav,01
01_20_03-01-05-01-01-02-01,3.9372708333333333,/home/caryzxy/datasets/Audio_Speech_Actors_01-24/Actor_01/03-01-05-01-01-02-01.wav,01
01_21_03-01-02-02-02-01-01,4.204208333333334,/home/caryzxy/datasets/Audio_Speech_Actors_01-24/Actor_01/03-01-02-02-02-01-01.wav,01
01_22_03-01-08-02-02-02-01,3.2699375,/home/caryzxy/datasets/Audio_Speech_Actors_01-24/Actor_01/03-01-08-02-02-02-01.wav,01
01_23_03-01-04-01-02-01-01,3.5035,/home/caryzxy/datasets/Audio_Speech_Actors_01-24/Actor_01/03-01-04-01-02-01-01.wav,01
01_24_03-01-06-02-01-02-01,4.2375625,/home/caryzxy/datasets/Audio_Speech_Actors_01-24/Actor_01/03-01-06-02-01-02-01.wav,01
01_25_03-01-04-02-01-01-01,3.8037916666666667,/home/caryzxy/datasets/Audio_Speech_Actors_01-24/Actor_01/03-01-04-02-01-01-01.wav,01
01_26_03-01-01-01-01-01-01,3.3032916666666665,/home/caryzxy/datasets/Audio_Speech_Actors_01-24/Actor_01/03-01-01-01-01-01-01.wav,01
01_27_03-01-07-01-01-01-01,3.8705208333333334,/home/caryzxy/datasets/Audio_Speech_Actors_01-24/Actor_01/03-01-07-01-01-01-01.wav,01
01_28_03-01-04-02-01-02-01,3.703708333333333,/home/caryzxy/datasets/Audio_Speech_Actors_01-24/Actor_01/03-01-04-02-01-02-01.wav,01
01_29_03-01-08-01-01-01-01,3.403395833333333,/home/caryzxy/datasets/Audio_Speech_Actors_01-24/Actor_01/03-01-08-01-01-01-01.wav,01
01_30_03-01-03-02-02-01-01,3.93725,/home/caryzxy/datasets/Audio_Speech_Actors_01-24/Actor_01/03-01-03-02-02-01-01.wav,01
01_31_03-01-05-01-01-01-01,3.8705416666666665,/home/caryzxy/datasets/Audio_Speech_Actors_01-24/Actor_01/03-01-05-01-01-01-01.wav,01
01_32_03-01-06-01-02-02-01,3.7036875,/home/caryzxy/datasets/Audio_Speech_Actors_01-24/Actor_01/03-01-06-01-02-02-01.wav,01
01_33_03-01-04-02-02-01-01,3.7370833333333335,/home/caryzxy/datasets/Audio_Speech_Actors_01-24/Actor_01/03-01-04-02-02-01-01.wav,01
01_34_03-01-07-02-01-01-01,4.304291666666667,/home/caryzxy/datasets/Audio_Speech_Actors_01-24/Actor_01/03-01-07-02-01-01-01.wav,01
01_35_03-01-03-01-01-01-01,3.4701458333333335,/home/caryzxy/datasets/Audio_Speech_Actors_01-24/Actor_01/03-01-03-01-01-01-01.wav,01
01_36_03-01-05-02-02-02-01,4.437770833333333,/home/caryzxy/datasets/Audio_Speech_Actors_01-24/Actor_01/03-01-05-02-02-02-01.wav,01
01_37_03-01-06-02-02-01-01,3.970625,/home/caryzxy/datasets/Audio_Speech_Actors_01-24/Actor_01/03-01-06-02-02-01-01.wav,01
01_38_03-01-05-02-01-01-01,4.104104166666667,/home/caryzxy/datasets/Audio_Speech_Actors_01-24/Actor_01/03-01-05-02-01-01-01.wav,01
01_39_03-01-08-01-01-02-01,3.2699166666666666,/home/caryzxy/datasets/Audio_Speech_Actors_01-24/Actor_01/03-01-08-01-01-02-01.wav,01
01_40_03-01-03-01-01-02-01,3.470125,/home/caryzxy/datasets/Audio_Speech_Actors_01-24/Actor_01/03-01-03-01-01-02-01.wav,01
01_41_03-01-07-01-02-01-01,3.9038958333333333,/home/caryzxy/datasets/Audio_Speech_Actors_01-24/Actor_01/03-01-07-01-02-01-01.wav,01
02_0_03-01-05-02-01-02-02,4.004,/home/caryzxy/datasets/Audio_Speech_Actors_01-24/Actor_02/03-01-05-02-01-02-02.wav,02
02_1_03-01-05-01-02-02-02,3.8037916666666667,/home/caryzxy/datasets/Audio_Speech_Actors_01-24/Actor_02/03-01-05-01-02-02-02.wav,02
02_2_03-01-01-01-01-01-02,3.6369583333333333,/home/caryzxy/datasets/Audio_Speech_Actors_01-24/Actor_02/03-01-01-01-01-01-02.wav,02
02_3_03-01-07-02-01-02-02,4.137458333333333,/home/caryzxy/datasets/Audio_Speech_Actors_01-24/Actor_02/03-01-07-02-01-02-02.wav,02
02_4_03-01-08-02-02-01-02,3.7370833333333335,/home/caryzxy/datasets/Audio_Speech_Actors_01-24/Actor_02/03-01-08-02-02-01-02.wav,02
02_5_03-01-03-02-01-01-02,3.703708333333333,/home/caryzxy/datasets/Audio_Speech_Actors_01-24/Actor_02/03-01-03-02-01-01-02.wav,02
02_6_03-01-07-02-01-01-02,4.137458333333333,/home/caryzxy/datasets/Audio_Speech_Actors_01-24/Actor_02/03-01-07-02-01-01-02.wav,02
02_7_03-01-06-02-02-02-02,3.6036041666666665,/home/caryzxy/datasets/Audio_Speech_Actors_01-24/Actor_02/03-01-06-02-02-02-02.wav,02
02_8_03-01-03-02-02-02-02,3.8705208333333334,/home/caryzxy/datasets/Audio_Speech_Actors_01-24/Actor_02/03-01-03-02-02-02-02.wav,02
02_9_03-01-05-02-02-02-02,4.004,/home/caryzxy/datasets/Audio_Speech_Actors_01-24/Actor_02/03-01-05-02-02-02-02.wav,02
02_10_03-01-05-01-02-01-02,3.7704166666666667,/home/caryzxy/datasets/Audio_Speech_Actors_01-24/Actor_02/03-01-05-01-02-01-02.wav,02
02_11_03-01-02-02-02-02-02,4.104104166666667,/home/caryzxy/datasets/Audio_Speech_Actors_01-24/Actor_02/03-01-02-02-02-02-02.wav,02
02_12_03-01-02-02-01-02-02,4.037375,/home/caryzxy/datasets/Audio_Speech_Actors_01-24/Actor_02/03-01-02-02-01-02-02.wav,02
02_13_03-01-01-01-02-02-02,3.6035833333333334,/home/caryzxy/datasets/Audio_Speech_Actors_01-24/Actor_02/03-01-01-01-02-02-02.wav,02
02_14_03-01-07-01-02-01-02,3.8705416666666665,/home/caryzxy/datasets/Audio_Speech_Actors_01-24/Actor_02/03-01-07-01-02-01-02.wav,02
02_15_03-01-04-02-02-02-02,3.6703333333333332,/home/caryzxy/datasets/Audio_Speech_Actors_01-24/Actor_02/03-01-04-02-02-02-02.wav,02
02_16_03-01-05-01-01-01-02,3.6703333333333332,/home/caryzxy/datasets/Audio_Speech_Actors_01-24/Actor_02/03-01-05-01-01-01-02.wav,02
02_17_03-01-04-02-01-02-02,3.7704166666666667,/home/caryzxy/datasets/Audio_Speech_Actors_01-24/Actor_02/03-01-04-02-01-02-02.wav,02
02_18_03-01-04-02-02-01-02,3.7036875,/home/caryzxy/datasets/Audio_Speech_Actors_01-24/Actor_02/03-01-04-02-02-01-02.wav,02
02_19_03-01-06-01-01-02-02,3.7370625,/home/caryzxy/datasets/Audio_Speech_Actors_01-24/Actor_02/03-01-06-01-01-02-02.wav,02
02_20_03-01-01-01-01-02-02,3.6036041666666665,/home/caryzxy/datasets/Audio_Speech_Actors_01-24/Actor_02/03-01-01-01-01-02-02.wav,02
02_21_03-01-05-02-01-01-02,3.9039166666666665,/home/caryzxy/datasets/Audio_Speech_Actors_01-24/Actor_02/03-01-05-02-01-01-02.wav,02
02_22_03-01-04-01-01-02-02,3.7704375,/home/caryzxy/datasets/Audio_Speech_Actors_01-24/Actor_02/03-01-04-01-01-02-02.wav,02
02_23_03-01-02-01-02-02-02,3.970625,/home/caryzxy/datasets/Audio_Speech_Actors_01-24/Actor_02/03-01-02-01-02-02-02.wav,02
02_24_03-01-05-02-02-01-02,4.004,/home/caryzxy/datasets/Audio_Speech_Actors_01-24/Actor_02/03-01-05-02-02-01-02.wav,02
02_25_03-01-08-02-02-02-02,3.8038125,/home/caryzxy/datasets/Audio_Speech_Actors_01-24/Actor_02/03-01-08-02-02-02-02.wav,02
02_26_03-01-04-01-01-01-02,3.8371666666666666,/home/caryzxy/datasets/Audio_Speech_Actors_01-24/Actor_02/03-01-04-01-01-01-02.wav,02
02_27_03-01-02-02-01-01-02,4.137479166666667,/home/caryzxy/datasets/Audio_Speech_Actors_01-24/Actor_02/03-01-02-02-01-01-02.wav,02
02_28_03-01-08-01-01-01-02,3.5368541666666666,/home/caryzxy/datasets/Audio_Speech_Actors_01-24/Actor_02/03-01-08-01-01-01-02.wav,02
02_29_03-01-07-01-01-01-02,3.6703333333333332,/home/caryzxy/datasets/Audio_Speech_Actors_01-24/Actor_02/03-01-07-01-01-01-02.wav,02
02_30_03-01-07-02-02-02-02,4.037375,/home/caryzxy/datasets/Audio_Speech_Actors_01-24/Actor_02/03-01-07-02-02-02-02.wav,02
02_31_03-01-03-01-02-02-02,3.7370833333333335,/home/caryzxy/datasets/Audio_Speech_Actors_01-24/Actor_02/03-01-03-01-02-02-02.wav,02
02_32_03-01-06-01-02-01-02,3.6703333333333332,/home/caryzxy/datasets/Audio_Speech_Actors_01-24/Actor_02/03-01-06-01-02-01-02.wav,02
02_33_03-01-07-02-02-01-02,4.004,/home/caryzxy/datasets/Audio_Speech_Actors_01-24/Actor_02/03-01-07-02-02-01-02.wav,02
02_34_03-01-06-02-01-02-02,3.636979166666667,/home/caryzxy/datasets/Audio_Speech_Actors_01-24/Actor_02/03-01-06-02-01-02-02.wav,02
02_35_03-01-03-01-01-02-02,3.7036875,/home/caryzxy/datasets/Audio_Speech_Actors_01-24/Actor_02/03-01-03-01-01-02-02.wav,02
02_36_03-01-04-01-02-01-02,3.7370625,/home/caryzxy/datasets/Audio_Speech_Actors_01-24/Actor_02/03-01-04-01-02-01-02.wav,02
02_37_03-01-08-02-01-02-02,3.7704375,/home/caryzxy/datasets/Audio_Speech_Actors_01-24/Actor_02/03-01-08-02-01-02-02.wav,02
02_38_03-01-02-02-02-01-02,4.104104166666667,/home/caryzxy/datasets/Audio_Speech_Actors_01-24/Actor_02/03-01-02-02-02-01-02.wav,02
02_39_03-01-08-01-02-01-02,3.6036041666666665,/home/caryzxy/datasets/Audio_Speech_Actors_01-24/Actor_02/03-01-08-01-02-01-02.wav,02
02_40_03-01-05-01-01-02-02,3.6703333333333332,/home/caryzxy/datasets/Audio_Speech_Actors_01-24/Actor_02/03-01-05-01-01-02-02.wav,02
02_41_03-01-03-02-01-02-02,3.6703333333333332,/home/caryzxy/datasets/Audio_Speech_Actors_01-24/Actor_02/03-01-03-02-01-02-02.wav,02
03_0_03-01-06-02-02-02-03,3.4367708333333336,/home/caryzxy/datasets/Audio_Speech_Actors_01-24/Actor_03/03-01-06-02-02-02-03.wav,03
03_1_03-01-08-02-01-02-03,3.6036041666666665,/home/caryzxy/datasets/Audio_Speech_Actors_01-24/Actor_03/03-01-08-02-01-02-03.wav,03
03_2_03-01-03-02-02-01-03,4.137458333333333,/home/caryzxy/datasets/Audio_Speech_Actors_01-24/Actor_03/03-01-03-02-02-01-03.wav,03
03_3_03-01-08-01-02-02-03,3.5702291666666666,/home/caryzxy/datasets/Audio_Speech_Actors_01-24/Actor_03/03-01-08-01-02-02-03.wav,03
03_4_03-01-02-01-02-01-03,3.8371666666666666,/home/caryzxy/datasets/Audio_Speech_Actors_01-24/Actor_03/03-01-02-01-02-01-03.wav,03
03_5_03-01-03-02-02-02-03,3.8371666666666666,/home/caryzxy/datasets/Audio_Speech_Actors_01-24/Actor_03/03-01-03-02-02-02-03.wav,03
03_6_03-01-04-01-02-01-03,3.5702291666666666,/home/caryzxy/datasets/Audio_Speech_Actors_01-24/Actor_03/03-01-04-01-02-01-03.wav,03
03_7_03-01-06-01-02-02-03,3.2032083333333334,/home/caryzxy/datasets/Audio_Speech_Actors_01-24/Actor_03/03-01-06-01-02-02-03.wav,03
03_8_03-01-02-02-02-02-03,4.004,/home/caryzxy/datasets/Audio_Speech_Actors_01-24/Actor_03/03-01-02-02-02-02-03.wav,03
03_9_03-01-08-01-01-01-03,3.2365625,/home/caryzxy/datasets/Audio_Speech_Actors_01-24/Actor_03/03-01-08-01-01-01-03.wav,03
03_10_03-01-01-01-01-02-03,3.5035,/home/caryzxy/datasets/Audio_Speech_Actors_01-24/Actor_03/03-01-01-01-01-02-03.wav,03
03_11_03-01-04-02-02-01-03,3.470125,/home/caryzxy/datasets/Audio_Speech_Actors_01-24/Actor_03/03-01-04-02-02-01-03.wav,03
03_12_03-01-01-01-02-01-03,3.5035,/home/caryzxy/datasets/Audio_Speech_Actors_01-24/Actor_03/03-01-01-01-02-01-03.wav,03
03_13_03-01-03-01-01-01-03,3.7704166666666667,/home/caryzxy/datasets/Audio_Speech_Actors_01-24/Actor_03/03-01-03-01-01-01-03.wav,03
03_14_03-01-03-01-02-02-03,3.5035,/home/caryzxy/datasets/Audio_Speech_Actors_01-24/Actor_03/03-01-03-01-02-02-03.wav,03
03_15_03-01-07-02-02-02-03,3.9372708333333333,/home/caryzxy/datasets/Audio_Speech_Actors_01-24/Actor_03/03-01-07-02-02-02-03.wav,03
03_16_03-01-07-01-02-01-03,3.6036041666666665,/home/caryzxy/datasets/Audio_Speech_Actors_01-24/Actor_03/03-01-07-01-02-01-03.wav,03
03_17_03-01-07-02-01-02-03,4.104104166666667,/home/caryzxy/datasets/Audio_Speech_Actors_01-24/Actor_03/03-01-07-02-01-02-03.wav,03
03_18_03-01-07-01-01-02-03,3.970645833333333,/home/caryzxy/datasets/Audio_Speech_Actors_01-24/Actor_03/03-01-07-01-01-02-03.wav,03
03_19_03-01-03-01-01-02-03,3.6035833333333334,/home/caryzxy/datasets/Audio_Speech_Actors_01-24/Actor_03/03-01-03-01-01-02-03.wav,03
03_20_03-01-06-02-02-01-03,3.3033125,/home/caryzxy/datasets/Audio_Speech_Actors_01-24/Actor_03/03-01-06-02-02-01-03.wav,03
03_21_03-01-05-01-01-01-03,4.004,/home/caryzxy/datasets/Audio_Speech_Actors_01-24/Actor_03/03-01-05-01-01-01-03.wav,03
03_22_03-01-06-02-01-02-03,3.9038958333333333,/home/caryzxy/datasets/Audio_Speech_Actors_01-24/Actor_03/03-01-06-02-01-02-03.wav,03
03_23_03-01-04-01-01-01-03,3.6036041666666665,/home/caryzxy/datasets/Audio_Speech_Actors_01-24/Actor_03/03-01-04-01-01-01-03.wav,03
03_24_03-01-07-02-01-01-03,4.104104166666667,/home/caryzxy/datasets/Audio_Speech_Actors_01-24/Actor_03/03-01-07-02-01-01-03.wav,03
03_25_03-01-08-02-02-01-03,3.5035,/home/caryzxy/datasets/Audio_Speech_Actors_01-24/Actor_03/03-01-08-02-02-01-03.wav,03
03_26_03-01-03-02-01-02-03,4.404395833333333,/home/caryzxy/datasets/Audio_Speech_Actors_01-24/Actor_03/03-01-03-02-01-02-03.wav,03
03_27_03-01-05-01-02-01-03,3.8038125,/home/caryzxy/datasets/Audio_Speech_Actors_01-24/Actor_03/03-01-05-01-02-01-03.wav,03
03_28_03-01-07-01-01-01-03,4.037375,/home/caryzxy/datasets/Audio_Speech_Actors_01-24/Actor_03/03-01-07-01-01-01-03.wav,03
03_29_03-01-07-02-02-01-03,3.8371666666666666,/home/caryzxy/datasets/Audio_Speech_Actors_01-24/Actor_03/03-01-07-02-02-01-03.wav,03
03_30_03-01-04-01-01-02-03,3.5702291666666666,/home/caryzxy/datasets/Audio_Speech_Actors_01-24/Actor_03/03-01-04-01-01-02-03.wav,03
03_31_03-01-01-01-01-01-03,3.4367708333333336,/home/caryzxy/datasets/Audio_Speech_Actors_01-24/Actor_03/03-01-01-01-01-01-03.wav,03
03_32_03-01-08-02-01-01-03,3.2699375,/home/caryzxy/datasets/Audio_Speech_Actors_01-24/Actor_03/03-01-08-02-01-01-03.wav,03
03_33_03-01-05-02-01-02-03,4.404416666666667,/home/caryzxy/datasets/Audio_Speech_Actors_01-24/Actor_03/03-01-05-02-01-02-03.wav,03
03_34_03-01-05-01-01-02-03,4.070729166666666,/home/caryzxy/datasets/Audio_Speech_Actors_01-24/Actor_03/03-01-05-01-01-02-03.wav,03
03_35_03-01-06-01-01-01-03,3.7370833333333335,/home/caryzxy/datasets/Audio_Speech_Actors_01-24/Actor_03/03-01-06-01-01-01-03.wav,03
03_36_03-01-04-02-01-01-03,3.7704375,/home/caryzxy/datasets/Audio_Speech_Actors_01-24/Actor_03/03-01-04-02-01-01-03.wav,03
03_37_03-01-02-01-01-01-03,3.8371666666666666,/home/caryzxy/datasets/Audio_Speech_Actors_01-24/Actor_03/03-01-02-01-01-01-03.wav,03
03_38_03-01-06-01-02-01-03,3.5035,/home/caryzxy/datasets/Audio_Speech_Actors_01-24/Actor_03/03-01-06-01-02-01-03.wav,03
03_39_03-01-08-01-01-02-03,3.370041666666667,/home/caryzxy/datasets/Audio_Speech_Actors_01-24/Actor_03/03-01-08-01-01-02-03.wav,03
03_40_03-01-02-02-02-01-03,4.137458333333333,/home/caryzxy/datasets/Audio_Speech_Actors_01-24/Actor_03/03-01-02-02-02-01-03.wav,03
03_41_03-01-06-02-01-01-03,3.3033125,/home/caryzxy/datasets/Audio_Speech_Actors_01-24/Actor_03/03-01-06-02-01-01-03.wav,03
04_0_03-01-07-01-01-01-04,3.9039166666666665,/home/caryzxy/datasets/Audio_Speech_Actors_01-24/Actor_04/03-01-07-01-01-01-04.wav,04
04_1_03-01-07-01-02-02-04,3.8038125,/home/caryzxy/datasets/Audio_Speech_Actors_01-24/Actor_04/03-01-07-01-02-02-04.wav,04
04_2_03-01-02-02-01-02-04,3.8038125,/home/caryzxy/datasets/Audio_Speech_Actors_01-24/Actor_04/03-01-02-02-01-02-04.wav,04
04_3_03-01-06-02-01-02-04,3.403395833333333,/home/caryzxy/datasets/Audio_Speech_Actors_01-24/Actor_04/03-01-06-02-01-02-04.wav,04
04_4_03-01-07-02-02-01-04,3.8705416666666665,/home/caryzxy/datasets/Audio_Speech_Actors_01-24/Actor_04/03-01-07-02-02-01-04.wav,04
04_5_03-01-06-02-01-01-04,3.9372708333333333,/home/caryzxy/datasets/Audio_Speech_Actors_01-24/Actor_04/03-01-06-02-01-01-04.wav,04
04_6_03-01-02-01-02-01-04,3.636979166666667,/home/caryzxy/datasets/Audio_Speech_Actors_01-24/Actor_04/03-01-02-01-02-01-04.wav,04
04_7_03-01-07-02-01-02-04,4.037375,/home/caryzxy/datasets/Audio_Speech_Actors_01-24/Actor_04/03-01-07-02-01-02-04.wav,04
04_8_03-01-06-02-02-02-04,3.5702291666666666,/home/caryzxy/datasets/Audio_Speech_Actors_01-24/Actor_04/03-01-06-02-02-02-04.wav,04
04_9_03-01-04-02-01-01-04,3.6703333333333332,/home/caryzxy/datasets/Audio_Speech_Actors_01-24/Actor_04/03-01-04-02-01-01-04.wav,04
04_10_03-01-07-01-01-02-04,3.9038958333333333,/home/caryzxy/datasets/Audio_Speech_Actors_01-24/Actor_04/03-01-07-01-01-02-04.wav,04
04_11_03-01-05-01-01-02-04,3.6036041666666665,/home/caryzxy/datasets/Audio_Speech_Actors_01-24/Actor_04/03-01-05-01-01-02-04.wav,04
04_12_03-01-05-01-01-01-04,3.703708333333333,/home/caryzxy/datasets/Audio_Speech_Actors_01-24/Actor_04/03-01-05-01-01-01-04.wav,04
04_13_03-01-08-02-02-01-04,3.470125,/home/caryzxy/datasets/Audio_Speech_Actors_01-24/Actor_04/03-01-08-02-02-01-04.wav,04
04_14_03-01-05-02-01-01-04,3.7704375,/home/caryzxy/datasets/Audio_Speech_Actors_01-24/Actor_04/03-01-05-02-01-01-04.wav,04
04_15_03-01-04-02-02-01-04,3.7704375,/home/caryzxy/datasets/Audio_Speech_Actors_01-24/Actor_04/03-01-04-02-02-01-04.wav,04
04_16_03-01-04-01-02-01-04,3.4367708333333336,/home/caryzxy/datasets/Audio_Speech_Actors_01-24/Actor_04/03-01-04-01-02-01-04.wav,04
04_17_03-01-03-02-01-02-04,3.5702291666666666,/home/caryzxy/datasets/Audio_Speech_Actors_01-24/Actor_04/03-01-03-02-01-02-04.wav,04
04_18_03-01-03-02-02-01-04,3.6036041666666665,/home/caryzxy/datasets/Audio_Speech_Actors_01-24/Actor_04/03-01-03-02-02-01-04.wav,04
04_19_03-01-01-01-01-01-04,3.3032916666666665,/home/caryzxy/datasets/Audio_Speech_Actors_01-24/Actor_04/03-01-01-01-01-01-04.wav,04
04_20_03-01-06-01-02-01-04,3.470125,/home/caryzxy/datasets/Audio_Speech_Actors_01-24/Actor_04/03-01-06-01-02-01-04.wav,04
04_21_03-01-01-01-02-01-04,3.2699375,/home/caryzxy/datasets/Audio_Speech_Actors_01-24/Actor_04/03-01-01-01-02-01-04.wav,04
04_22_03-01-08-02-01-01-04,3.6703333333333332,/home/caryzxy/datasets/Audio_Speech_Actors_01-24/Actor_04/03-01-08-02-01-01-04.wav,04
04_23_03-01-08-02-01-02-04,3.5702291666666666,/home/caryzxy/datasets/Audio_Speech_Actors_01-24/Actor_04/03-01-08-02-01-02-04.wav,04
04_24_03-01-08-01-02-01-04,3.6369583333333333,/home/caryzxy/datasets/Audio_Speech_Actors_01-24/Actor_04/03-01-08-01-02-01-04.wav,04
04_25_03-01-06-01-02-02-04,3.470125,/home/caryzxy/datasets/Audio_Speech_Actors_01-24/Actor_04/03-01-06-01-02-02-04.wav,04
04_26_03-01-06-01-01-02-04,3.2365833333333334,/home/caryzxy/datasets/Audio_Speech_Actors_01-24/Actor_04/03-01-06-01-01-02-04.wav,04
04_27_03-01-03-01-02-01-04,3.5035,/home/caryzxy/datasets/Audio_Speech_Actors_01-24/Actor_04/03-01-03-01-02-01-04.wav,04
04_28_03-01-02-02-02-02-04,4.037375,/home/caryzxy/datasets/Audio_Speech_Actors_01-24/Actor_04/03-01-02-02-02-02-04.wav,04
04_29_03-01-04-01-01-01-04,3.370041666666667,/home/caryzxy/datasets/Audio_Speech_Actors_01-24/Actor_04/03-01-04-01-01-01-04.wav,04
04_30_03-01-04-01-01-02-04,3.403395833333333,/home/caryzxy/datasets/Audio_Speech_Actors_01-24/Actor_04/03-01-04-01-01-02-04.wav,04
04_31_03-01-04-02-01-02-04,3.7704375,/home/caryzxy/datasets/Audio_Speech_Actors_01-24/Actor_04/03-01-04-02-01-02-04.wav,04
04_32_03-01-08-01-02-02-04,3.43675,/home/caryzxy/datasets/Audio_Speech_Actors_01-24/Actor_04/03-01-08-01-02-02-04.wav,04
04_33_03-01-03-01-01-01-04,3.5035,/home/caryzxy/datasets/Audio_Speech_Actors_01-24/Actor_04/03-01-03-01-01-01-04.wav,04
04_34_03-01-03-01-01-02-04,3.5368541666666666,/home/caryzxy/datasets/Audio_Speech_Actors_01-24/Actor_04/03-01-03-01-01-02-04.wav,04
04_35_03-01-04-02-02-02-04,3.7704375,/home/caryzxy/datasets/Audio_Speech_Actors_01-24/Actor_04/03-01-04-02-02-02-04.wav,04
04_36_03-01-05-02-01-02-04,3.8705208333333334,/home/caryzxy/datasets/Audio_Speech_Actors_01-24/Actor_04/03-01-05-02-01-02-04.wav,04
04_37_03-01-03-02-01-01-04,3.8705416666666665,/home/caryzxy/datasets/Audio_Speech_Actors_01-24/Actor_04/03-01-03-02-01-01-04.wav,04
04_38_03-01-02-02-02-01-04,3.8037916666666667,/home/caryzxy/datasets/Audio_Speech_Actors_01-24/Actor_04/03-01-02-02-02-01-04.wav,04
04_39_03-01-05-02-02-02-04,3.8371666666666666,/home/caryzxy/datasets/Audio_Speech_Actors_01-24/Actor_04/03-01-05-02-02-02-04.wav,04
04_40_03-01-05-01-02-01-04,3.470125,/home/caryzxy/datasets/Audio_Speech_Actors_01-24/Actor_04/03-01-05-01-02-01-04.wav,04
04_41_03-01-06-02-02-01-04,3.6036041666666665,/home/caryzxy/datasets/Audio_Speech_Actors_01-24/Actor_04/03-01-06-02-02-01-04.wav,04
05_0_03-01-02-02-02-02-05,4.304291666666667,/home/caryzxy/datasets/Audio_Speech_Actors_01-24/Actor_05/03-01-02-02-02-02-05.wav,05
05_1_03-01-05-01-01-01-05,3.8705416666666665,/home/caryzxy/datasets/Audio_Speech_Actors_01-24/Actor_05/03-01-05-01-01-01-05.wav,05
05_2_03-01-06-02-01-02-05,3.5702291666666666,/home/caryzxy/datasets/Audio_Speech_Actors_01-24/Actor_05/03-01-06-02-01-02-05.wav,05
05_3_03-01-03-02-02-01-05,3.6035833333333334,/home/caryzxy/datasets/Audio_Speech_Actors_01-24/Actor_05/03-01-03-02-02-01-05.wav,05
05_4_03-01-03-02-01-01-05,4.137479166666667,/home/caryzxy/datasets/Audio_Speech_Actors_01-24/Actor_05/03-01-03-02-01-01-05.wav,05
05_5_03-01-08-01-02-01-05,3.069729166666667,/home/caryzxy/datasets/Audio_Speech_Actors_01-24/Actor_05/03-01-08-01-02-01-05.wav,05
05_6_03-01-02-02-02-01-05,4.7714375,/home/caryzxy/datasets/Audio_Speech_Actors_01-24/Actor_05/03-01-02-02-02-01-05.wav,05
05_7_03-01-07-01-01-02-05,4.104104166666667,/home/caryzxy/datasets/Audio_Speech_Actors_01-24/Actor_05/03-01-07-01-01-02-05.wav,05
05_8_03-01-02-02-01-02-05,4.5045,/home/caryzxy/datasets/Audio_Speech_Actors_01-24/Actor_05/03-01-02-02-01-02-05.wav,05
05_9_03-01-04-01-02-02-05,3.7036875,/home/caryzxy/datasets/Audio_Speech_Actors_01-24/Actor_05/03-01-04-01-02-02-05.wav,05
05_10_03-01-08-02-02-01-05,3.6703333333333332,/home/caryzxy/datasets/Audio_Speech_Actors_01-24/Actor_05/03-01-08-02-02-01-05.wav,05
05_11_03-01-05-02-01-02-05,3.5702291666666666,/home/caryzxy/datasets/Audio_Speech_Actors_01-24/Actor_05/03-01-05-02-01-02-05.wav,05
05_12_03-01-03-02-02-02-05,3.403395833333333,/home/caryzxy/datasets/Audio_Speech_Actors_01-24/Actor_05/03-01-03-02-02-02-05.wav,05
05_13_03-01-05-01-02-02-05,4.404395833333333,/home/caryzxy/datasets/Audio_Speech_Actors_01-24/Actor_05/03-01-05-01-02-02-05.wav,05
05_14_03-01-05-02-02-02-05,3.636979166666667,/home/caryzxy/datasets/Audio_Speech_Actors_01-24/Actor_05/03-01-05-02-02-02-05.wav,05
05_15_03-01-06-02-02-02-05,3.1031041666666668,/home/caryzxy/datasets/Audio_Speech_Actors_01-24/Actor_05/03-01-06-02-02-02-05.wav,05
05_16_03-01-01-01-01-01-05,3.6036041666666665,/home/caryzxy/datasets/Audio_Speech_Actors_01-24/Actor_05/03-01-01-01-01-01-05.wav,05
05_17_03-01-04-01-01-01-05,3.2699375,/home/caryzxy/datasets/Audio_Speech_Actors_01-24/Actor_05/03-01-04-01-01-01-05.wav,05
05_18_03-01-01-01-01-02-05,3.636979166666667,/home/caryzxy/datasets/Audio_Speech_Actors_01-24/Actor_05/03-01-01-01-01-02-05.wav,05
05_19_03-01-06-01-01-02-05,3.3700208333333332,/home/caryzxy/datasets/Audio_Speech_Actors_01-24/Actor_05/03-01-06-01-01-02-05.wav,05
05_20_03-01-07-02-02-02-05,4.537875,/home/caryzxy/datasets/Audio_Speech_Actors_01-24/Actor_05/03-01-07-02-02-02-05.wav,05
05_21_03-01-04-02-01-01-05,3.5368541666666666,/home/caryzxy/datasets/Audio_Speech_Actors_01-24/Actor_05/03-01-04-02-01-01-05.wav,05
05_22_03-01-01-01-02-01-05,3.103083333333333,/home/caryzxy/datasets/Audio_Speech_Actors_01-24/Actor_05/03-01-01-01-02-01-05.wav,05
05_23_03-01-02-01-02-02-05,4.2375625,/home/caryzxy/datasets/Audio_Speech_Actors_01-24/Actor_05/03-01-02-01-02-02-05.wav,05
05_24_03-01-06-02-01-01-05,3.2365625,/home/caryzxy/datasets/Audio_Speech_Actors_01-24/Actor_05/03-01-06-02-01-01-05.wav,05
05_25_03-01-08-02-01-02-05,4.104104166666667,/home/caryzxy/datasets/Audio_Speech_Actors_01-24/Actor_05/03-01-08-02-01-02-05.wav,05
05_26_03-01-02-01-01-02-05,4.104104166666667,/home/caryzxy/datasets/Audio_Speech_Actors_01-24/Actor_05/03-01-02-01-01-02-05.wav,05
05_27_03-01-08-02-02-02-05,3.536875,/home/caryzxy/datasets/Audio_Speech_Actors_01-24/Actor_05/03-01-08-02-02-02-05.wav,05
05_28_03-01-02-01-01-01-05,4.037354166666667,/home/caryzxy/datasets/Audio_Speech_Actors_01-24/Actor_05/03-01-02-01-01-01-05.wav,05
05_29_03-01-03-01-02-01-05,3.3700208333333332,/home/caryzxy/datasets/Audio_Speech_Actors_01-24/Actor_05/03-01-03-01-02-01-05.wav,05
05_30_03-01-03-02-01-02-05,3.8705416666666665,/home/caryzxy/datasets/Audio_Speech_Actors_01-24/Actor_05/03-01-03-02-01-02-05.wav,05
05_31_03-01-05-02-01-01-05,3.403395833333333,/home/caryzxy/datasets/Audio_Speech_Actors_01-24/Actor_05/03-01-05-02-01-01-05.wav,05
05_32_03-01-07-02-01-01-05,4.337666666666666,/home/caryzxy/datasets/Audio_Speech_Actors_01-24/Actor_05/03-01-07-02-01-01-05.wav,05
05_33_03-01-08-01-01-01-05,3.7370625,/home/caryzxy/datasets/Audio_Speech_Actors_01-24/Actor_05/03-01-08-01-01-01-05.wav,05
05_34_03-01-06-01-02-01-05,3.136458333333333,/home/caryzxy/datasets/Audio_Speech_Actors_01-24/Actor_05/03-01-06-01-02-01-05.wav,05
05_35_03-01-04-01-01-02-05,3.6369583333333333,/home/caryzxy/datasets/Audio_Speech_Actors_01-24/Actor_05/03-01-04-01-01-02-05.wav,05
05_36_03-01-04-02-01-02-05,3.2699375,/home/caryzxy/datasets/Audio_Speech_Actors_01-24/Actor_05/03-01-04-02-01-02-05.wav,05
05_37_03-01-06-01-02-02-05,3.069729166666667,/home/caryzxy/datasets/Audio_Speech_Actors_01-24/Actor_05/03-01-06-01-02-02-05.wav,05
05_38_03-01-08-02-01-01-05,4.137479166666667,/home/caryzxy/datasets/Audio_Speech_Actors_01-24/Actor_05/03-01-08-02-01-01-05.wav,05
05_39_03-01-01-01-02-02-05,3.6036041666666665,/home/caryzxy/datasets/Audio_Speech_Actors_01-24/Actor_05/03-01-01-01-02-02-05.wav,05
05_40_03-01-05-01-01-02-05,3.8037916666666667,/home/caryzxy/datasets/Audio_Speech_Actors_01-24/Actor_05/03-01-05-01-01-02-05.wav,05
05_41_03-01-07-02-01-02-05,3.9038958333333333,/home/caryzxy/datasets/Audio_Speech_Actors_01-24/Actor_05/03-01-07-02-01-02-05.wav,05
06_0_03-01-01-01-01-01-06,3.3366666666666664,/home/caryzxy/datasets/Audio_Speech_Actors_01-24/Actor_06/03-01-01-01-01-01-06.wav,06
06_1_03-01-07-02-01-01-06,4.3043125,/home/caryzxy/datasets/Audio_Speech_Actors_01-24/Actor_06/03-01-07-02-01-01-06.wav,06
06_2_03-01-03-02-01-02-06,3.470125,/home/caryzxy/datasets/Audio_Speech_Actors_01-24/Actor_06/03-01-03-02-01-02-06.wav,06
06_3_03-01-08-01-02-02-06,3.136458333333333,/home/caryzxy/datasets/Audio_Speech_Actors_01-24/Actor_06/03-01-08-01-02-02-06.wav,06
06_4_03-01-03-01-02-02-06,3.4367708333333336,/home/caryzxy/datasets/Audio_Speech_Actors_01-24/Actor_06/03-01-03-01-02-02-06.wav,06
06_5_03-01-03-01-02-01-06,3.470125,/home/caryzxy/datasets/Audio_Speech_Actors_01-24/Actor_06/03-01-03-01-02-01-06.wav,06
06_6_03-01-02-02-02-02-06,4.7714375,/home/caryzxy/datasets/Audio_Speech_Actors_01-24/Actor_06/03-01-02-02-02-02-06.wav,06
06_7_03-01-08-02-02-02-06,3.2032083333333334,/home/caryzxy/datasets/Audio_Speech_Actors_01-24/Actor_06/03-01-08-02-02-02-06.wav,06
06_8_03-01-02-01-01-01-06,4.037354166666667,/home/caryzxy/datasets/Audio_Speech_Actors_01-24/Actor_06/03-01-02-01-01-01-06.wav,06
06_9_03-01-04-02-02-01-06,4.604583333333333,/home/caryzxy/datasets/Audio_Speech_Actors_01-24/Actor_06/03-01-04-02-02-01-06.wav,06
06_10_03-01-02-02-01-01-06,4.5045,/home/caryzxy/datasets/Audio_Speech_Actors_01-24/Actor_06/03-01-02-02-01-01-06.wav,06
06_11_03-01-06-02-01-01-06,3.636979166666667,/home/caryzxy/datasets/Audio_Speech_Actors_01-24/Actor_06/03-01-06-02-01-01-06.wav,06
06_12_03-01-07-01-02-02-06,3.9372708333333333,/home/caryzxy/datasets/Audio_Speech_Actors_01-24/Actor_06/03-01-07-01-02-02-06.wav,06
06_13_03-01-05-02-01-02-06,4.2041875,/home/caryzxy/datasets/Audio_Speech_Actors_01-24/Actor_06/03-01-05-02-01-02-06.wav,06
06_14_03-01-02-01-02-01-06,3.970625,/home/caryzxy/datasets/Audio_Speech_Actors_01-24/Actor_06/03-01-02-01-02-01-06.wav,06
06_15_03-01-04-01-02-02-06,3.4367708333333336,/home/caryzxy/datasets/Audio_Speech_Actors_01-24/Actor_06/03-01-04-01-02-02-06.wav,06
06_16_03-01-01-01-01-02-06,3.6036041666666665,/home/caryzxy/datasets/Audio_Speech_Actors_01-24/Actor_06/03-01-01-01-01-02-06.wav,06
06_17_03-01-04-01-02-01-06,3.4701458333333335,/home/caryzxy/datasets/Audio_Speech_Actors_01-24/Actor_06/03-01-04-01-02-01-06.wav,06
06_18_03-01-06-02-02-02-06,3.7370625,/home/caryzxy/datasets/Audio_Speech_Actors_01-24/Actor_06/03-01-06-02-02-02-06.wav,06
06_19_03-01-07-02-02-02-06,3.970625,/home/caryzxy/datasets/Audio_Speech_Actors_01-24/Actor_06/03-01-07-02-02-02-06.wav,06
06_20_03-01-08-01-01-01-06,3.2365625,/home/caryzxy/datasets/Audio_Speech_Actors_01-24/Actor_06/03-01-08-01-01-01-06.wav,06
06_21_03-01-02-01-02-02-06,4.2041875,/home/caryzxy/datasets/Audio_Speech_Actors_01-24/Actor_06/03-01-02-01-02-02-06.wav,06
06_22_03-01-04-01-01-02-06,3.6036041666666665,/home/caryzxy/datasets/Audio_Speech_Actors_01-24/Actor_06/03-01-04-01-01-02-06.wav,06
06_23_03-01-04-02-01-02-06,4.104104166666667,/home/caryzxy/datasets/Audio_Speech_Actors_01-24/Actor_06/03-01-04-02-01-02-06.wav,06
06_24_03-01-03-02-02-02-06,3.6035833333333334,/home/caryzxy/datasets/Audio_Speech_Actors_01-24/Actor_06/03-01-03-02-02-02-06.wav,06
06_25_03-01-05-01-01-01-06,3.7704375,/home/caryzxy/datasets/Audio_Speech_Actors_01-24/Actor_06/03-01-05-01-01-01-06.wav,06
06_26_03-01-02-01-01-02-06,4.104104166666667,/home/caryzxy/datasets/Audio_Speech_Actors_01-24/Actor_06/03-01-02-01-01-02-06.wav,06
06_27_03-01-08-01-01-02-06,3.2365625,/home/caryzxy/datasets/Audio_Speech_Actors_01-24/Actor_06/03-01-08-01-01-02-06.wav,06
06_28_03-01-01-01-02-01-06,3.403395833333333,/home/caryzxy/datasets/Audio_Speech_Actors_01-24/Actor_06/03-01-01-01-02-01-06.wav,06
06_29_03-01-08-02-02-01-06,3.3033125,/home/caryzxy/datasets/Audio_Speech_Actors_01-24/Actor_06/03-01-08-02-02-01-06.wav,06
06_30_03-01-06-01-02-02-06,3.5035,/home/caryzxy/datasets/Audio_Speech_Actors_01-24/Actor_06/03-01-06-01-02-02-06.wav,06
06_31_03-01-07-02-01-02-06,3.9372708333333333,/home/caryzxy/datasets/Audio_Speech_Actors_01-24/Actor_06/03-01-07-02-01-02-06.wav,06
06_32_03-01-02-02-02-01-06,4.337666666666666,/home/caryzxy/datasets/Audio_Speech_Actors_01-24/Actor_06/03-01-02-02-02-01-06.wav,06
06_33_03-01-05-02-01-01-06,4.104104166666667,/home/caryzxy/datasets/Audio_Speech_Actors_01-24/Actor_06/03-01-05-02-01-01-06.wav,06
06_34_03-01-05-01-02-01-06,4.2041875,/home/caryzxy/datasets/Audio_Speech_Actors_01-24/Actor_06/03-01-05-01-02-01-06.wav,06
06_35_03-01-06-01-01-01-06,3.6369583333333333,/home/caryzxy/datasets/Audio_Speech_Actors_01-24/Actor_06/03-01-06-01-01-01-06.wav,06
06_36_03-01-06-01-02-01-06,3.57025,/home/caryzxy/datasets/Audio_Speech_Actors_01-24/Actor_06/03-01-06-01-02-01-06.wav,06
06_37_03-01-04-01-01-01-06,3.5702291666666666,/home/caryzxy/datasets/Audio_Speech_Actors_01-24/Actor_06/03-01-04-01-01-01-06.wav,06
06_38_03-01-06-02-01-02-06,3.6036041666666665,/home/caryzxy/datasets/Audio_Speech_Actors_01-24/Actor_06/03-01-06-02-01-02-06.wav,06
06_39_03-01-05-02-02-01-06,4.437770833333333,/home/caryzxy/datasets/Audio_Speech_Actors_01-24/Actor_06/03-01-05-02-02-01-06.wav,06
06_40_03-01-06-01-01-02-06,3.4367708333333336,/home/caryzxy/datasets/Audio_Speech_Actors_01-24/Actor_06/03-01-06-01-01-02-06.wav,06
06_41_03-01-01-01-02-02-06,3.4367708333333336,/home/caryzxy/datasets/Audio_Speech_Actors_01-24/Actor_06/03-01-01-01-02-02-06.wav,06
07_0_03-01-04-02-01-01-07,3.93725,/home/caryzxy/datasets/Audio_Speech_Actors_01-24/Actor_07/03-01-04-02-01-01-07.wav,07
07_1_03-01-03-01-02-01-07,3.403395833333333,/home/caryzxy/datasets/Audio_Speech_Actors_01-24/Actor_07/03-01-03-01-02-01-07.wav,07
07_2_03-01-05-01-02-02-07,4.004,/home/caryzxy/datasets/Audio_Speech_Actors_01-24/Actor_07/03-01-05-01-02-02-07.wav,07
07_3_03-01-02-01-01-02-07,3.7370625,/home/caryzxy/datasets/Audio_Speech_Actors_01-24/Actor_07/03-01-02-01-01-02-07.wav,07
07_4_03-01-06-02-01-01-07,3.636979166666667,/home/caryzxy/datasets/Audio_Speech_Actors_01-24/Actor_07/03-01-06-02-01-01-07.wav,07
07_5_03-01-01-01-02-01-07,4.137458333333333,/home/caryzxy/datasets/Audio_Speech_Actors_01-24/Actor_07/03-01-01-01-02-01-07.wav,07
07_6_03-01-07-01-01-01-07,3.5368541666666666,/home/caryzxy/datasets/Audio_Speech_Actors_01-24/Actor_07/03-01-07-01-01-01-07.wav,07
07_7_03-01-02-02-02-02-07,4.104104166666667,/home/caryzxy/datasets/Audio_Speech_Actors_01-24/Actor_07/03-01-02-02-02-02-07.wav,07
07_8_03-01-03-01-01-01-07,3.5035,/home/caryzxy/datasets/Audio_Speech_Actors_01-24/Actor_07/03-01-03-01-01-01-07.wav,07
07_9_03-01-08-02-02-01-07,3.4367708333333336,/home/caryzxy/datasets/Audio_Speech_Actors_01-24/Actor_07/03-01-08-02-02-01-07.wav,07
07_10_03-01-01-01-01-02-07,3.8038125,/home/caryzxy/datasets/Audio_Speech_Actors_01-24/Actor_07/03-01-01-01-01-02-07.wav,07
07_11_03-01-06-02-02-02-07,3.5035,/home/caryzxy/datasets/Audio_Speech_Actors_01-24/Actor_07/03-01-06-02-02-02-07.wav,07
07_12_03-01-05-01-02-01-07,4.004,/home/caryzxy/datasets/Audio_Speech_Actors_01-24/Actor_07/03-01-05-01-02-01-07.wav,07
07_13_03-01-02-01-02-02-07,3.536875,/home/caryzxy/datasets/Audio_Speech_Actors_01-24/Actor_07/03-01-02-01-02-02-07.wav,07
07_14_03-01-06-01-02-01-07,3.4367708333333336,/home/caryzxy/datasets/Audio_Speech_Actors_01-24/Actor_07/03-01-06-01-02-01-07.wav,07
07_15_03-01-08-01-02-01-07,3.4367708333333336,/home/caryzxy/datasets/Audio_Speech_Actors_01-24/Actor_07/03-01-08-01-02-01-07.wav,07
07_16_03-01-08-01-01-02-07,3.536875,/home/caryzxy/datasets/Audio_Speech_Actors_01-24/Actor_07/03-01-08-01-01-02-07.wav,07
07_17_03-01-05-02-02-02-07,4.337666666666666,/home/caryzxy/datasets/Audio_Speech_Actors_01-24/Actor_07/03-01-05-02-02-02-07.wav,07
07_18_03-01-07-01-02-02-07,3.5368541666666666,/home/caryzxy/datasets/Audio_Speech_Actors_01-24/Actor_07/03-01-07-01-02-02-07.wav,07
07_19_03-01-02-02-01-02-07,3.8705416666666665,/home/caryzxy/datasets/Audio_Speech_Actors_01-24/Actor_07/03-01-02-02-01-02-07.wav,07
07_20_03-01-04-02-02-01-07,3.636979166666667,/home/caryzxy/datasets/Audio_Speech_Actors_01-24/Actor_07/03-01-04-02-02-01-07.wav,07
07_21_03-01-04-02-02-02-07,3.8371666666666666,/home/caryzxy/datasets/Audio_Speech_Actors_01-24/Actor_07/03-01-04-02-02-02-07.wav,07
07_22_03-01-03-02-01-02-07,4.037354166666667,/home/caryzxy/datasets/Audio_Speech_Actors_01-24/Actor_07/03-01-03-02-01-02-07.wav,07
07_23_03-01-06-01-01-02-07,3.5035,/home/caryzxy/datasets/Audio_Speech_Actors_01-24/Actor_07/03-01-06-01-01-02-07.wav,07
07_24_03-01-04-02-01-02-07,3.8371666666666666,/home/caryzxy/datasets/Audio_Speech_Actors_01-24/Actor_07/03-01-04-02-01-02-07.wav,07
07_25_03-01-07-01-01-02-07,3.5035,/home/caryzxy/datasets/Audio_Speech_Actors_01-24/Actor_07/03-01-07-01-01-02-07.wav,07
07_26_03-01-08-02-01-02-07,3.6369583333333333,/home/caryzxy/datasets/Audio_Speech_Actors_01-24/Actor_07/03-01-08-02-01-02-07.wav,07
07_27_03-01-07-02-01-02-07,4.404395833333333,/home/caryzxy/datasets/Audio_Speech_Actors_01-24/Actor_07/03-01-07-02-01-02-07.wav,07
07_28_03-01-01-01-02-02-07,3.7370625,/home/caryzxy/datasets/Audio_Speech_Actors_01-24/Actor_07/03-01-01-01-02-02-07.wav,07
07_29_03-01-04-01-01-02-07,3.6035833333333334,/home/caryzxy/datasets/Audio_Speech_Actors_01-24/Actor_07/03-01-04-01-01-02-07.wav,07
07_30_03-01-07-02-02-01-07,4.137458333333333,/home/caryzxy/datasets/Audio_Speech_Actors_01-24/Actor_07/03-01-07-02-02-01-07.wav,07
07_31_03-01-05-02-01-02-07,4.004,/home/caryzxy/datasets/Audio_Speech_Actors_01-24/Actor_07/03-01-05-02-01-02-07.wav,07
07_32_03-01-07-02-02-02-07,4.771416666666667,/home/caryzxy/datasets/Audio_Speech_Actors_01-24/Actor_07/03-01-07-02-02-02-07.wav,07
07_33_03-01-08-02-01-01-07,3.8705416666666665,/home/caryzxy/datasets/Audio_Speech_Actors_01-24/Actor_07/03-01-08-02-01-01-07.wav,07
07_34_03-01-05-01-01-01-07,4.004,/home/caryzxy/datasets/Audio_Speech_Actors_01-24/Actor_07/03-01-05-01-01-01-07.wav,07
07_35_03-01-02-02-02-01-07,4.2709375,/home/caryzxy/datasets/Audio_Speech_Actors_01-24/Actor_07/03-01-02-02-02-01-07.wav,07
07_36_03-01-03-02-02-01-07,4.037375,/home/caryzxy/datasets/Audio_Speech_Actors_01-24/Actor_07/03-01-03-02-02-01-07.wav,07
07_37_03-01-04-01-02-02-07,3.8705208333333334,/home/caryzxy/datasets/Audio_Speech_Actors_01-24/Actor_07/03-01-04-01-02-02-07.wav,07
07_38_03-01-03-01-02-02-07,3.403395833333333,/home/caryzxy/datasets/Audio_Speech_Actors_01-24/Actor_07/03-01-03-01-02-02-07.wav,07
07_39_03-01-07-01-02-01-07,3.4367708333333336,/home/caryzxy/datasets/Audio_Speech_Actors_01-24/Actor_07/03-01-07-01-02-01-07.wav,07
07_40_03-01-04-01-02-01-07,3.536875,/home/caryzxy/datasets/Audio_Speech_Actors_01-24/Actor_07/03-01-04-01-02-01-07.wav,07
07_41_03-01-08-02-02-02-07,3.470125,/home/caryzxy/datasets/Audio_Speech_Actors_01-24/Actor_07/03-01-08-02-02-02-07.wav,07
08_0_03-01-05-02-01-01-08,3.970625,/home/caryzxy/datasets/Audio_Speech_Actors_01-24/Actor_08/03-01-05-02-01-01-08.wav,08
08_1_03-01-06-01-02-02-08,3.6703333333333332,/home/caryzxy/datasets/Audio_Speech_Actors_01-24/Actor_08/03-01-06-01-02-02-08.wav,08
08_2_03-01-06-02-01-02-08,3.9038958333333333,/home/caryzxy/datasets/Audio_Speech_Actors_01-24/Actor_08/03-01-06-02-01-02-08.wav,08
08_3_03-01-07-02-02-01-08,3.7370833333333335,/home/caryzxy/datasets/Audio_Speech_Actors_01-24/Actor_08/03-01-07-02-02-01-08.wav,08
08_4_03-01-07-01-02-01-08,3.9372708333333333,/home/caryzxy/datasets/Audio_Speech_Actors_01-24/Actor_08/03-01-07-01-02-01-08.wav,08
08_5_03-01-04-02-01-01-08,3.7704166666666667,/home/caryzxy/datasets/Audio_Speech_Actors_01-24/Actor_08/03-01-04-02-01-01-08.wav,08
08_6_03-01-05-01-02-02-08,3.5702291666666666,/home/caryzxy/datasets/Audio_Speech_Actors_01-24/Actor_08/03-01-05-01-02-02-08.wav,08
08_7_03-01-02-02-02-02-08,3.8038125,/home/caryzxy/datasets/Audio_Speech_Actors_01-24/Actor_08/03-01-02-02-02-02-08.wav,08
08_8_03-01-08-01-01-02-08,3.8037916666666667,/home/caryzxy/datasets/Audio_Speech_Actors_01-24/Actor_08/03-01-08-01-01-02-08.wav,08
08_9_03-01-03-02-02-01-08,3.8371666666666666,/home/caryzxy/datasets/Audio_Speech_Actors_01-24/Actor_08/03-01-03-02-02-01-08.wav,08
08_10_03-01-03-01-02-01-08,3.470125,/home/caryzxy/datasets/Audio_Speech_Actors_01-24/Actor_08/03-01-03-01-02-01-08.wav,08
08_11_03-01-03-02-01-01-08,3.7704166666666667,/home/caryzxy/datasets/Audio_Speech_Actors_01-24/Actor_08/03-01-03-02-01-01-08.wav,08
08_12_03-01-03-02-01-02-08,3.9038958333333333,/home/caryzxy/datasets/Audio_Speech_Actors_01-24/Actor_08/03-01-03-02-01-02-08.wav,08
08_13_03-01-04-01-01-01-08,4.204208333333334,/home/caryzxy/datasets/Audio_Speech_Actors_01-24/Actor_08/03-01-04-01-01-01-08.wav,08
08_14_03-01-04-01-01-02-08,3.8705208333333334,/home/caryzxy/datasets/Audio_Speech_Actors_01-24/Actor_08/03-01-04-01-01-02-08.wav,08
08_15_03-01-01-01-01-02-08,3.636979166666667,/home/caryzxy/datasets/Audio_Speech_Actors_01-24/Actor_08/03-01-01-01-01-02-08.wav,08
08_16_03-01-03-01-01-01-08,3.5035,/home/caryzxy/datasets/Audio_Speech_Actors_01-24/Actor_08/03-01-03-01-01-01-08.wav,08
08_17_03-01-01-01-02-02-08,3.5035,/home/caryzxy/datasets/Audio_Speech_Actors_01-24/Actor_08/03-01-01-01-02-02-08.wav,08
08_18_03-01-06-02-01-01-08,3.970625,/home/caryzxy/datasets/Audio_Speech_Actors_01-24/Actor_08/03-01-06-02-01-01-08.wav,08
08_19_03-01-06-02-02-02-08,3.9372708333333333,/home/caryzxy/datasets/Audio_Speech_Actors_01-24/Actor_08/03-01-06-02-02-02-08.wav,08
08_20_03-01-08-01-02-01-08,3.7704375,/home/caryzxy/datasets/Audio_Speech_Actors_01-24/Actor_08/03-01-08-01-02-01-08.wav,08
08_21_03-01-05-01-02-01-08,3.536875,/home/caryzxy/datasets/Audio_Speech_Actors_01-24/Actor_08/03-01-05-01-02-01-08.wav,08
08_22_03-01-02-02-02-01-08,3.6703333333333332,/home/caryzxy/datasets/Audio_Speech_Actors_01-24/Actor_08/03-01-02-02-02-01-08.wav,08
08_23_03-01-05-02-01-02-08,3.7704375,/home/caryzxy/datasets/Audio_Speech_Actors_01-24/Actor_08/03-01-05-02-01-02-08.wav,08
08_24_03-01-08-01-02-02-08,3.536875,/home/caryzxy/datasets/Audio_Speech_Actors_01-24/Actor_08/03-01-08-01-02-02-08.wav,08
08_25_03-01-07-01-02-02-08,3.8371666666666666,/home/caryzxy/datasets/Audio_Speech_Actors_01-24/Actor_08/03-01-07-01-02-02-08.wav,08
08_26_03-01-05-01-01-02-08,3.6036041666666665,/home/caryzxy/datasets/Audio_Speech_Actors_01-24/Actor_08/03-01-05-01-01-02-08.wav,08
08_27_03-01-05-01-01-01-08,3.703708333333333,/home/caryzxy/datasets/Audio_Speech_Actors_01-24/Actor_08/03-01-05-01-01-01-08.wav,08
08_28_03-01-04-02-01-02-08,3.9372708333333333,/home/caryzxy/datasets/Audio_Speech_Actors_01-24/Actor_08/03-01-04-02-01-02-08.wav,08
08_29_03-01-02-01-01-02-08,3.4034166666666668,/home/caryzxy/datasets/Audio_Speech_Actors_01-24/Actor_08/03-01-02-01-01-02-08.wav,08
08_30_03-01-08-01-01-01-08,3.703708333333333,/home/caryzxy/datasets/Audio_Speech_Actors_01-24/Actor_08/03-01-08-01-01-01-08.wav,08
08_31_03-01-06-01-01-01-08,3.970645833333333,/home/caryzxy/datasets/Audio_Speech_Actors_01-24/Actor_08/03-01-06-01-01-01-08.wav,08
08_32_03-01-08-02-02-01-08,3.8037916666666667,/home/caryzxy/datasets/Audio_Speech_Actors_01-24/Actor_08/03-01-08-02-02-01-08.wav,08
08_33_03-01-04-02-02-01-08,3.6703333333333332,/home/caryzxy/datasets/Audio_Speech_Actors_01-24/Actor_08/03-01-04-02-02-01-08.wav,08
08_34_03-01-06-01-02-01-08,3.7704375,/home/caryzxy/datasets/Audio_Speech_Actors_01-24/Actor_08/03-01-06-01-02-01-08.wav,08
08_35_03-01-02-01-02-01-08,3.470125,/home/caryzxy/datasets/Audio_Speech_Actors_01-24/Actor_08/03-01-02-01-02-01-08.wav,08
08_36_03-01-03-01-02-02-08,3.4367708333333336,/home/caryzxy/datasets/Audio_Speech_Actors_01-24/Actor_08/03-01-03-01-02-02-08.wav,08
08_37_03-01-03-01-01-02-08,3.43675,/home/caryzxy/datasets/Audio_Speech_Actors_01-24/Actor_08/03-01-03-01-01-02-08.wav,08
08_38_03-01-04-01-02-01-08,3.57025,/home/caryzxy/datasets/Audio_Speech_Actors_01-24/Actor_08/03-01-04-01-02-01-08.wav,08
08_39_03-01-06-02-02-01-08,3.8705208333333334,/home/caryzxy/datasets/Audio_Speech_Actors_01-24/Actor_08/03-01-06-02-02-01-08.wav,08
08_40_03-01-07-02-01-01-08,4.070729166666666,/home/caryzxy/datasets/Audio_Speech_Actors_01-24/Actor_08/03-01-07-02-01-01-08.wav,08
08_41_03-01-03-02-02-02-08,3.9372708333333333,/home/caryzxy/datasets/Audio_Speech_Actors_01-24/Actor_08/03-01-03-02-02-02-08.wav,08
09_0_03-01-07-02-02-01-09,3.5702291666666666,/home/caryzxy/datasets/Audio_Speech_Actors_01-24/Actor_09/03-01-07-02-02-01-09.wav,09
09_1_03-01-03-01-02-02-09,3.4701458333333335,/home/caryzxy/datasets/Audio_Speech_Actors_01-24/Actor_09/03-01-03-01-02-02-09.wav,09
09_2_03-01-06-01-01-01-09,3.1698333333333335,/home/caryzxy/datasets/Audio_Speech_Actors_01-24/Actor_09/03-01-06-01-01-01-09.wav,09
09_3_03-01-05-01-02-01-09,3.7370625,/home/caryzxy/datasets/Audio_Speech_Actors_01-24/Actor_09/03-01-05-01-02-01-09.wav,09
09_4_03-01-03-01-02-01-09,3.3032916666666665,/home/caryzxy/datasets/Audio_Speech_Actors_01-24/Actor_09/03-01-03-01-02-01-09.wav,09
09_5_03-01-03-02-02-01-09,3.57025,/home/caryzxy/datasets/Audio_Speech_Actors_01-24/Actor_09/03-01-03-02-02-01-09.wav,09
09_6_03-01-05-02-02-02-09,3.970645833333333,/home/caryzxy/datasets/Audio_Speech_Actors_01-24/Actor_09/03-01-05-02-02-02-09.wav,09
09_7_03-01-02-02-01-02-09,3.4367708333333336,/home/caryzxy/datasets/Audio_Speech_Actors_01-24/Actor_09/03-01-02-02-01-02-09.wav,09
09_8_03-01-02-01-01-02-09,3.3366666666666664,/home/caryzxy/datasets/Audio_Speech_Actors_01-24/Actor_09/03-01-02-01-01-02-09.wav,09
09_9_03-01-05-01-01-02-09,3.57025,/home/caryzxy/datasets/Audio_Speech_Actors_01-24/Actor_09/03-01-05-01-01-02-09.wav,09
09_10_03-01-04-02-02-01-09,3.636979166666667,/home/caryzxy/datasets/Audio_Speech_Actors_01-24/Actor_09/03-01-04-02-02-01-09.wav,09
09_11_03-01-03-02-02-02-09,3.5702291666666666,/home/caryzxy/datasets/Audio_Speech_Actors_01-24/Actor_09/03-01-03-02-02-02-09.wav,09
09_12_03-01-02-02-01-01-09,3.3366666666666664,/home/caryzxy/datasets/Audio_Speech_Actors_01-24/Actor_09/03-01-02-02-01-01-09.wav,09
09_13_03-01-08-02-02-01-09,3.403395833333333,/home/caryzxy/datasets/Audio_Speech_Actors_01-24/Actor_09/03-01-08-02-02-01-09.wav,09
09_14_03-01-07-01-01-01-09,3.403395833333333,/home/caryzxy/datasets/Audio_Speech_Actors_01-24/Actor_09/03-01-07-01-01-01-09.wav,09
09_15_03-01-01-01-02-02-09,3.2365833333333334,/home/caryzxy/datasets/Audio_Speech_Actors_01-24/Actor_09/03-01-01-01-02-02-09.wav,09
09_16_03-01-05-02-01-02-09,3.7704375,/home/caryzxy/datasets/Audio_Speech_Actors_01-24/Actor_09/03-01-05-02-01-02-09.wav,09
09_17_03-01-02-02-02-01-09,3.8037916666666667,/home/caryzxy/datasets/Audio_Speech_Actors_01-24/Actor_09/03-01-02-02-02-01-09.wav,09
09_18_03-01-06-02-02-01-09,3.2365625,/home/caryzxy/datasets/Audio_Speech_Actors_01-24/Actor_09/03-01-06-02-02-01-09.wav,09
09_19_03-01-05-01-01-01-09,3.5702291666666666,/home/caryzxy/datasets/Audio_Speech_Actors_01-24/Actor_09/03-01-05-01-01-01-09.wav,09
09_20_03-01-07-01-01-02-09,3.5035,/home/caryzxy/datasets/Audio_Speech_Actors_01-24/Actor_09/03-01-07-01-01-02-09.wav,09
09_21_03-01-08-01-02-01-09,3.4367708333333336,/home/caryzxy/datasets/Audio_Speech_Actors_01-24/Actor_09/03-01-08-01-02-01-09.wav,09
09_22_03-01-04-01-02-02-09,3.4034166666666668,/home/caryzxy/datasets/Audio_Speech_Actors_01-24/Actor_09/03-01-04-01-02-02-09.wav,09
09_23_03-01-08-02-01-02-09,3.2699375,/home/caryzxy/datasets/Audio_Speech_Actors_01-24/Actor_09/03-01-08-02-01-02-09.wav,09
09_24_03-01-08-02-01-01-09,3.3032916666666665,/home/caryzxy/datasets/Audio_Speech_Actors_01-24/Actor_09/03-01-08-02-01-01-09.wav,09
09_25_03-01-08-01-01-01-09,3.069729166666667,/home/caryzxy/datasets/Audio_Speech_Actors_01-24/Actor_09/03-01-08-01-01-01-09.wav,09
09_26_03-01-05-01-02-02-09,3.536875,/home/caryzxy/datasets/Audio_Speech_Actors_01-24/Actor_09/03-01-05-01-02-02-09.wav,09
09_27_03-01-01-01-01-01-09,3.2699375,/home/caryzxy/datasets/Audio_Speech_Actors_01-24/Actor_09/03-01-01-01-01-01-09.wav,09
09_28_03-01-03-01-01-02-09,3.5368541666666666,/home/caryzxy/datasets/Audio_Speech_Actors_01-24/Actor_09/03-01-03-01-01-02-09.wav,09
09_29_03-01-06-02-01-01-09,3.2365625,/home/caryzxy/datasets/Audio_Speech_Actors_01-24/Actor_09/03-01-06-02-01-01-09.wav,09
09_30_03-01-07-02-01-01-09,3.636979166666667,/home/caryzxy/datasets/Audio_Speech_Actors_01-24/Actor_09/03-01-07-02-01-01-09.wav,09
09_31_03-01-07-02-02-02-09,3.6035833333333334,/home/caryzxy/datasets/Audio_Speech_Actors_01-24/Actor_09/03-01-07-02-02-02-09.wav,09
09_32_03-01-03-01-01-01-09,3.3366666666666664,/home/caryzxy/datasets/Audio_Speech_Actors_01-24/Actor_09/03-01-03-01-01-01-09.wav,09
09_33_03-01-04-02-01-01-09,3.9372708333333333,/home/caryzxy/datasets/Audio_Speech_Actors_01-24/Actor_09/03-01-04-02-01-01-09.wav,09
09_34_03-01-07-01-02-02-09,3.403395833333333,/home/caryzxy/datasets/Audio_Speech_Actors_01-24/Actor_09/03-01-07-01-02-02-09.wav,09
09_35_03-01-08-01-01-02-09,3.3366666666666664,/home/caryzxy/datasets/Audio_Speech_Actors_01-24/Actor_09/03-01-08-01-01-02-09.wav,09
09_36_03-01-06-01-02-02-09,3.136458333333333,/home/caryzxy/datasets/Audio_Speech_Actors_01-24/Actor_09/03-01-06-01-02-02-09.wav,09
09_37_03-01-04-01-01-01-09,3.2699375,/home/caryzxy/datasets/Audio_Speech_Actors_01-24/Actor_09/03-01-04-01-01-01-09.wav,09
09_38_03-01-08-02-02-02-09,3.43675,/home/caryzxy/datasets/Audio_Speech_Actors_01-24/Actor_09/03-01-08-02-02-02-09.wav,09
09_39_03-01-04-02-02-02-09,3.8705416666666665,/home/caryzxy/datasets/Audio_Speech_Actors_01-24/Actor_09/03-01-04-02-02-02-09.wav,09
09_40_03-01-06-01-02-01-09,3.1364791666666667,/home/caryzxy/datasets/Audio_Speech_Actors_01-24/Actor_09/03-01-06-01-02-01-09.wav,09
09_41_03-01-02-01-02-01-09,3.4701458333333335,/home/caryzxy/datasets/Audio_Speech_Actors_01-24/Actor_09/03-01-02-01-02-01-09.wav,09
10_0_03-01-03-02-01-02-10,3.5035,/home/caryzxy/datasets/Audio_Speech_Actors_01-24/Actor_10/03-01-03-02-01-02-10.wav,10
10_1_03-01-03-01-01-01-10,3.5035,/home/caryzxy/datasets/Audio_Speech_Actors_01-24/Actor_10/03-01-03-01-01-01-10.wav,10
10_2_03-01-02-02-01-01-10,3.7370625,/home/caryzxy/datasets/Audio_Speech_Actors_01-24/Actor_10/03-01-02-02-01-01-10.wav,10
10_3_03-01-04-01-02-01-10,3.536875,/home/caryzxy/datasets/Audio_Speech_Actors_01-24/Actor_10/03-01-04-01-02-01-10.wav,10
10_4_03-01-06-02-01-01-10,3.5035,/home/caryzxy/datasets/Audio_Speech_Actors_01-24/Actor_10/03-01-06-02-01-01-10.wav,10
10_5_03-01-05-02-01-02-10,4.471125,/home/caryzxy/datasets/Audio_Speech_Actors_01-24/Actor_10/03-01-05-02-01-02-10.wav,10
10_6_03-01-08-02-02-02-10,3.5035,/home/caryzxy/datasets/Audio_Speech_Actors_01-24/Actor_10/03-01-08-02-02-02-10.wav,10
10_7_03-01-08-01-02-02-10,3.470125,/home/caryzxy/datasets/Audio_Speech_Actors_01-24/Actor_10/03-01-08-01-02-02-10.wav,10
10_8_03-01-08-01-01-02-10,3.4034166666666668,/home/caryzxy/datasets/Audio_Speech_Actors_01-24/Actor_10/03-01-08-01-01-02-10.wav,10
10_9_03-01-07-02-01-01-10,4.671333333333333,/home/caryzxy/datasets/Audio_Speech_Actors_01-24/Actor_10/03-01-07-02-01-01-10.wav,10
10_10_03-01-04-01-02-02-10,3.8037916666666667,/home/caryzxy/datasets/Audio_Speech_Actors_01-24/Actor_10/03-01-04-01-02-02-10.wav,10
10_11_03-01-01-01-02-02-10,3.6703333333333332,/home/caryzxy/datasets/Audio_Speech_Actors_01-24/Actor_10/03-01-01-01-02-02-10.wav,10
10_12_03-01-07-02-02-02-10,4.871541666666666,/home/caryzxy/datasets/Audio_Speech_Actors_01-24/Actor_10/03-01-07-02-02-02-10.wav,10
10_13_03-01-05-02-02-01-10,3.8705208333333334,/home/caryzxy/datasets/Audio_Speech_Actors_01-24/Actor_10/03-01-05-02-02-01-10.wav,10
10_14_03-01-03-02-01-01-10,3.8371666666666666,/home/caryzxy/datasets/Audio_Speech_Actors_01-24/Actor_10/03-01-03-02-01-01-10.wav,10
10_15_03-01-07-01-01-01-10,3.703708333333333,/home/caryzxy/datasets/Audio_Speech_Actors_01-24/Actor_10/03-01-07-01-01-01-10.wav,10
10_16_03-01-03-01-02-01-10,3.3032916666666665,/home/caryzxy/datasets/Audio_Speech_Actors_01-24/Actor_10/03-01-03-01-02-01-10.wav,10
10_17_03-01-07-02-02-01-10,4.2041875,/home/caryzxy/datasets/Audio_Speech_Actors_01-24/Actor_10/03-01-07-02-02-01-10.wav,10
10_18_03-01-03-01-02-02-10,3.3366666666666664,/home/caryzxy/datasets/Audio_Speech_Actors_01-24/Actor_10/03-01-03-01-02-02-10.wav,10
10_19_03-01-08-02-01-02-10,3.403395833333333,/home/caryzxy/datasets/Audio_Speech_Actors_01-24/Actor_10/03-01-08-02-01-02-10.wav,10
10_20_03-01-01-01-01-02-10,3.8371666666666666,/home/caryzxy/datasets/Audio_Speech_Actors_01-24/Actor_10/03-01-01-01-01-02-10.wav,10
10_21_03-01-07-02-01-02-10,4.537875,/home/caryzxy/datasets/Audio_Speech_Actors_01-24/Actor_10/03-01-07-02-01-02-10.wav,10
10_22_03-01-02-01-01-01-10,3.5702291666666666,/home/caryzxy/datasets/Audio_Speech_Actors_01-24/Actor_10/03-01-02-01-01-01-10.wav,10
10_23_03-01-02-01-02-01-10,3.6369583333333333,/home/caryzxy/datasets/Audio_Speech_Actors_01-24/Actor_10/03-01-02-01-02-01-10.wav,10
10_24_03-01-07-01-01-02-10,4.2041875,/home/caryzxy/datasets/Audio_Speech_Actors_01-24/Actor_10/03-01-07-01-01-02-10.wav,10
10_25_03-01-02-02-01-02-10,3.7370625,/home/caryzxy/datasets/Audio_Speech_Actors_01-24/Actor_10/03-01-02-02-01-02-10.wav,10
10_26_03-01-05-01-02-02-10,4.137479166666667,/home/caryzxy/datasets/Audio_Speech_Actors_01-24/Actor_10/03-01-05-01-02-02-10.wav,10
10_27_03-01-02-01-02-02-10,3.703708333333333,/home/caryzxy/datasets/Audio_Speech_Actors_01-24/Actor_10/03-01-02-01-02-02-10.wav,10
10_28_03-01-08-02-02-01-10,3.6369583333333333,/home/caryzxy/datasets/Audio_Speech_Actors_01-24/Actor_10/03-01-08-02-02-01-10.wav,10
10_29_03-01-04-02-02-01-10,3.6703333333333332,/home/caryzxy/datasets/Audio_Speech_Actors_01-24/Actor_10/03-01-04-02-02-01-10.wav,10
10_30_03-01-01-01-02-01-10,3.7370625,/home/caryzxy/datasets/Audio_Speech_Actors_01-24/Actor_10/03-01-01-01-02-01-10.wav,10
10_31_03-01-04-01-01-02-10,3.470125,/home/caryzxy/datasets/Audio_Speech_Actors_01-24/Actor_10/03-01-04-01-01-02-10.wav,10
10_32_03-01-08-02-01-01-10,3.5035,/home/caryzxy/datasets/Audio_Speech_Actors_01-24/Actor_10/03-01-08-02-01-01-10.wav,10
10_33_03-01-02-01-01-02-10,3.6035833333333334,/home/caryzxy/datasets/Audio_Speech_Actors_01-24/Actor_10/03-01-02-01-01-02-10.wav,10
10_34_03-01-02-02-02-01-10,3.8037916666666667,/home/caryzxy/datasets/Audio_Speech_Actors_01-24/Actor_10/03-01-02-02-02-01-10.wav,10
10_35_03-01-05-01-02-01-10,4.104104166666667,/home/caryzxy/datasets/Audio_Speech_Actors_01-24/Actor_10/03-01-05-01-02-01-10.wav,10
10_36_03-01-05-02-01-01-10,4.170833333333333,/home/caryzxy/datasets/Audio_Speech_Actors_01-24/Actor_10/03-01-05-02-01-01-10.wav,10
10_37_03-01-07-01-02-01-10,3.8705416666666665,/home/caryzxy/datasets/Audio_Speech_Actors_01-24/Actor_10/03-01-07-01-02-01-10.wav,10
10_38_03-01-08-01-02-01-10,3.5035,/home/caryzxy/datasets/Audio_Speech_Actors_01-24/Actor_10/03-01-08-01-02-01-10.wav,10
10_39_03-01-05-01-01-01-10,3.9038958333333333,/home/caryzxy/datasets/Audio_Speech_Actors_01-24/Actor_10/03-01-05-01-01-01-10.wav,10
10_40_03-01-05-01-01-02-10,4.004,/home/caryzxy/datasets/Audio_Speech_Actors_01-24/Actor_10/03-01-05-01-01-02-10.wav,10
10_41_03-01-04-01-01-01-10,3.3032916666666665,/home/caryzxy/datasets/Audio_Speech_Actors_01-24/Actor_10/03-01-04-01-01-01-10.wav,10
11_0_03-01-02-01-01-02-11,3.3366666666666664,/home/caryzxy/datasets/Audio_Speech_Actors_01-24/Actor_11/03-01-02-01-01-02-11.wav,11
11_1_03-01-01-01-01-01-11,3.1364791666666667,/home/caryzxy/datasets/Audio_Speech_Actors_01-24/Actor_11/03-01-01-01-01-01-11.wav,11
11_2_03-01-03-02-02-02-11,3.5035,/home/caryzxy/datasets/Audio_Speech_Actors_01-24/Actor_11/03-01-03-02-02-02-11.wav,11
11_3_03-01-04-02-02-01-11,3.370041666666667,/home/caryzxy/datasets/Audio_Speech_Actors_01-24/Actor_11/03-01-04-02-02-01-11.wav,11
11_4_03-01-06-02-01-02-11,3.2032083333333334,/home/caryzxy/datasets/Audio_Speech_Actors_01-24/Actor_11/03-01-06-02-01-02-11.wav,11
11_5_03-01-05-01-02-02-11,3.7370833333333335,/home/caryzxy/datasets/Audio_Speech_Actors_01-24/Actor_11/03-01-05-01-02-02-11.wav,11
11_6_03-01-04-01-01-02-11,3.6036041666666665,/home/caryzxy/datasets/Audio_Speech_Actors_01-24/Actor_11/03-01-04-01-01-02-11.wav,11
11_7_03-01-03-01-01-01-11,3.1031041666666668,/home/caryzxy/datasets/Audio_Speech_Actors_01-24/Actor_11/03-01-03-01-01-01-11.wav,11
11_8_03-01-01-01-01-02-11,3.1031041666666668,/home/caryzxy/datasets/Audio_Speech_Actors_01-24/Actor_11/03-01-01-01-01-02-11.wav,11
11_9_03-01-03-01-01-02-11,3.2032083333333334,/home/caryzxy/datasets/Audio_Speech_Actors_01-24/Actor_11/03-01-03-01-01-02-11.wav,11
11_10_03-01-04-01-02-02-11,3.4367708333333336,/home/caryzxy/datasets/Audio_Speech_Actors_01-24/Actor_11/03-01-04-01-02-02-11.wav,11
11_11_03-01-08-02-02-02-11,3.069729166666667,/home/caryzxy/datasets/Audio_Speech_Actors_01-24/Actor_11/03-01-08-02-02-02-11.wav,11
11_12_03-01-02-01-02-01-11,3.3366666666666664,/home/caryzxy/datasets/Audio_Speech_Actors_01-24/Actor_11/03-01-02-01-02-01-11.wav,11
11_13_03-01-08-01-02-01-11,3.1698333333333335,/home/caryzxy/datasets/Audio_Speech_Actors_01-24/Actor_11/03-01-08-01-02-01-11.wav,11
11_14_03-01-05-02-02-01-11,3.9372708333333333,/home/caryzxy/datasets/Audio_Speech_Actors_01-24/Actor_11/03-01-05-02-02-01-11.wav,11
11_15_03-01-02-01-01-01-11,3.2699166666666666,/home/caryzxy/datasets/Audio_Speech_Actors_01-24/Actor_11/03-01-02-01-01-01-11.wav,11
11_16_03-01-04-01-02-01-11,3.5368541666666666,/home/caryzxy/datasets/Audio_Speech_Actors_01-24/Actor_11/03-01-04-01-02-01-11.wav,11
11_17_03-01-03-02-02-01-11,3.8705208333333334,/home/caryzxy/datasets/Audio_Speech_Actors_01-24/Actor_11/03-01-03-02-02-01-11.wav,11
11_18_03-01-06-01-01-01-11,3.470125,/home/caryzxy/datasets/Audio_Speech_Actors_01-24/Actor_11/03-01-06-01-01-01-11.wav,11
11_19_03-01-07-02-01-01-11,3.8038125,/home/caryzxy/datasets/Audio_Speech_Actors_01-24/Actor_11/03-01-07-02-01-01-11.wav,11
11_20_03-01-04-02-01-02-11,3.6036041666666665,/home/caryzxy/datasets/Audio_Speech_Actors_01-24/Actor_11/03-01-04-02-01-02-11.wav,11
11_21_03-01-02-02-01-02-11,3.7370833333333335,/home/caryzxy/datasets/Audio_Speech_Actors_01-24/Actor_11/03-01-02-02-01-02-11.wav,11
11_22_03-01-01-01-02-01-11,3.2032083333333334,/home/caryzxy/datasets/Audio_Speech_Actors_01-24/Actor_11/03-01-01-01-02-01-11.wav,11
11_23_03-01-03-01-02-01-11,3.1698333333333335,/home/caryzxy/datasets/Audio_Speech_Actors_01-24/Actor_11/03-01-03-01-02-01-11.wav,11
11_24_03-01-07-02-01-02-11,3.8038125,/home/caryzxy/datasets/Audio_Speech_Actors_01-24/Actor_11/03-01-07-02-01-02-11.wav,11
11_25_03-01-08-02-02-01-11,3.069729166666667,/home/caryzxy/datasets/Audio_Speech_Actors_01-24/Actor_11/03-01-08-02-02-01-11.wav,11
11_26_03-01-06-02-02-02-11,3.136458333333333,/home/caryzxy/datasets/Audio_Speech_Actors_01-24/Actor_11/03-01-06-02-02-02-11.wav,11
11_27_03-01-06-02-01-01-11,3.2032083333333334,/home/caryzxy/datasets/Audio_Speech_Actors_01-24/Actor_11/03-01-06-02-01-01-11.wav,11
11_28_03-01-07-01-02-01-11,3.470125,/home/caryzxy/datasets/Audio_Speech_Actors_01-24/Actor_11/03-01-07-01-02-01-11.wav,11
11_29_03-01-08-02-01-02-11,3.1031041666666668,/home/caryzxy/datasets/Audio_Speech_Actors_01-24/Actor_11/03-01-08-02-01-02-11.wav,11
11_30_03-01-04-02-01-01-11,3.3366666666666664,/home/caryzxy/datasets/Audio_Speech_Actors_01-24/Actor_11/03-01-04-02-01-01-11.wav,11
11_31_03-01-03-02-01-02-11,3.636979166666667,/home/caryzxy/datasets/Audio_Speech_Actors_01-24/Actor_11/03-01-03-02-01-02-11.wav,11
11_32_03-01-08-01-01-01-11,3.069729166666667,/home/caryzxy/datasets/Audio_Speech_Actors_01-24/Actor_11/03-01-08-01-01-01-11.wav,11
11_33_03-01-03-02-01-01-11,4.037375,/home/caryzxy/datasets/Audio_Speech_Actors_01-24/Actor_11/03-01-03-02-01-01-11.wav,11
11_34_03-01-06-01-01-02-11,3.5035,/home/caryzxy/datasets/Audio_Speech_Actors_01-24/Actor_11/03-01-06-01-01-02-11.wav,11
11_35_03-01-05-01-02-01-11,3.470125,/home/caryzxy/datasets/Audio_Speech_Actors_01-24/Actor_11/03-01-05-01-02-01-11.wav,11
11_36_03-01-02-02-02-01-11,3.7704375,/home/caryzxy/datasets/Audio_Speech_Actors_01-24/Actor_11/03-01-02-02-02-01-11.wav,11
11_37_03-01-07-01-02-02-11,3.6703333333333332,/home/caryzxy/datasets/Audio_Speech_Actors_01-24/Actor_11/03-01-07-01-02-02-11.wav,11
11_38_03-01-07-01-01-02-11,3.6036041666666665,/home/caryzxy/datasets/Audio_Speech_Actors_01-24/Actor_11/03-01-07-01-01-02-11.wav,11
11_39_03-01-04-02-02-02-11,3.3366666666666664,/home/caryzxy/datasets/Audio_Speech_Actors_01-24/Actor_11/03-01-04-02-02-02-11.wav,11
11_40_03-01-05-02-01-01-11,3.536875,/home/caryzxy/datasets/Audio_Speech_Actors_01-24/Actor_11/03-01-05-02-01-01-11.wav,11
11_41_03-01-06-01-02-02-11,3.2032083333333334,/home/caryzxy/datasets/Audio_Speech_Actors_01-24/Actor_11/03-01-06-01-02-02-11.wav,11
12_0_03-01-02-02-02-01-12,3.7370833333333335,/home/caryzxy/datasets/Audio_Speech_Actors_01-24/Actor_12/03-01-02-02-02-01-12.wav,12
12_1_03-01-07-01-02-01-12,3.6036041666666665,/home/caryzxy/datasets/Audio_Speech_Actors_01-24/Actor_12/03-01-07-01-02-01-12.wav,12
12_2_03-01-02-02-01-01-12,3.970625,/home/caryzxy/datasets/Audio_Speech_Actors_01-24/Actor_12/03-01-02-02-01-01-12.wav,12
12_3_03-01-02-02-01-02-12,3.7704375,/home/caryzxy/datasets/Audio_Speech_Actors_01-24/Actor_12/03-01-02-02-01-02-12.wav,12
12_4_03-01-02-02-02-02-12,3.8038125,/home/caryzxy/datasets/Audio_Speech_Actors_01-24/Actor_12/03-01-02-02-02-02-12.wav,12
12_5_03-01-01-01-02-02-12,3.636979166666667,/home/caryzxy/datasets/Audio_Speech_Actors_01-24/Actor_12/03-01-01-01-02-02-12.wav,12
12_6_03-01-05-02-01-02-12,3.6703333333333332,/home/caryzxy/datasets/Audio_Speech_Actors_01-24/Actor_12/03-01-05-02-01-02-12.wav,12
12_7_03-01-05-01-01-01-12,4.2709375,/home/caryzxy/datasets/Audio_Speech_Actors_01-24/Actor_12/03-01-05-01-01-01-12.wav,12
12_8_03-01-02-01-02-01-12,3.7704375,/home/caryzxy/datasets/Audio_Speech_Actors_01-24/Actor_12/03-01-02-01-02-01-12.wav,12
12_9_03-01-06-02-02-02-12,3.6703333333333332,/home/caryzxy/datasets/Audio_Speech_Actors_01-24/Actor_12/03-01-06-02-02-02-12.wav,12
12_10_03-01-05-01-01-02-12,3.970625,/home/caryzxy/datasets/Audio_Speech_Actors_01-24/Actor_12/03-01-05-01-01-02-12.wav,12
12_11_03-01-05-02-01-01-12,3.6369583333333333,/home/caryzxy/datasets/Audio_Speech_Actors_01-24/Actor_12/03-01-05-02-01-01-12.wav,12
12_12_03-01-02-01-02-02-12,3.6703333333333332,/home/caryzxy/datasets/Audio_Speech_Actors_01-24/Actor_12/03-01-02-01-02-02-12.wav,12
12_13_03-01-03-01-02-02-12,3.7370833333333335,/home/caryzxy/datasets/Audio_Speech_Actors_01-24/Actor_12/03-01-03-01-02-02-12.wav,12
12_14_03-01-03-02-01-01-12,4.204208333333334,/home/caryzxy/datasets/Audio_Speech_Actors_01-24/Actor_12/03-01-03-02-01-01-12.wav,12
12_15_03-01-08-02-02-02-12,3.6703333333333332,/home/caryzxy/datasets/Audio_Speech_Actors_01-24/Actor_12/03-01-08-02-02-02-12.wav,12
12_16_03-01-01-01-02-01-12,3.6036041666666665,/home/caryzxy/datasets/Audio_Speech_Actors_01-24/Actor_12/03-01-01-01-02-01-12.wav,12
12_17_03-01-04-01-01-01-12,3.6703333333333332,/home/caryzxy/datasets/Audio_Speech_Actors_01-24/Actor_12/03-01-04-01-01-01-12.wav,12
12_18_03-01-03-02-02-01-12,3.9039166666666665,/home/caryzxy/datasets/Audio_Speech_Actors_01-24/Actor_12/03-01-03-02-02-01-12.wav,12
12_19_03-01-05-02-02-02-12,3.8371666666666666,/home/caryzxy/datasets/Audio_Speech_Actors_01-24/Actor_12/03-01-05-02-02-02-12.wav,12
12_20_03-01-07-01-02-02-12,3.703708333333333,/home/caryzxy/datasets/Audio_Speech_Actors_01-24/Actor_12/03-01-07-01-02-02-12.wav,12
12_21_03-01-07-02-02-01-12,4.204208333333334,/home/caryzxy/datasets/Audio_Speech_Actors_01-24/Actor_12/03-01-07-02-02-01-12.wav,12
12_22_03-01-07-01-01-02-12,3.703708333333333,/home/caryzxy/datasets/Audio_Speech_Actors_01-24/Actor_12/03-01-07-01-01-02-12.wav,12
12_23_03-01-02-01-01-01-12,3.8705208333333334,/home/caryzxy/datasets/Audio_Speech_Actors_01-24/Actor_12/03-01-02-01-01-01-12.wav,12
12_24_03-01-08-01-02-01-12,3.5035,/home/caryzxy/datasets/Audio_Speech_Actors_01-24/Actor_12/03-01-08-01-02-01-12.wav,12
12_25_03-01-02-01-01-02-12,3.7704166666666667,/home/caryzxy/datasets/Audio_Speech_Actors_01-24/Actor_12/03-01-02-01-01-02-12.wav,12
12_26_03-01-04-01-02-02-12,3.5702291666666666,/home/caryzxy/datasets/Audio_Speech_Actors_01-24/Actor_12/03-01-04-01-02-02-12.wav,12
12_27_03-01-03-01-01-01-12,3.703708333333333,/home/caryzxy/datasets/Audio_Speech_Actors_01-24/Actor_12/03-01-03-01-01-01-12.wav,12
12_28_03-01-04-02-01-02-12,3.7704375,/home/caryzxy/datasets/Audio_Speech_Actors_01-24/Actor_12/03-01-04-02-01-02-12.wav,12
12_29_03-01-07-02-02-02-12,3.970645833333333,/home/caryzxy/datasets/Audio_Speech_Actors_01-24/Actor_12/03-01-07-02-02-02-12.wav,12
12_30_03-01-06-02-01-02-12,3.703708333333333,/home/caryzxy/datasets/Audio_Speech_Actors_01-24/Actor_12/03-01-06-02-01-02-12.wav,12
12_31_03-01-04-01-01-02-12,3.6035833333333334,/home/caryzxy/datasets/Audio_Speech_Actors_01-24/Actor_12/03-01-04-01-01-02-12.wav,12
12_32_03-01-08-02-02-01-12,3.7370625,/home/caryzxy/datasets/Audio_Speech_Actors_01-24/Actor_12/03-01-08-02-02-01-12.wav,12
12_33_03-01-08-01-01-01-12,3.536875,/home/caryzxy/datasets/Audio_Speech_Actors_01-24/Actor_12/03-01-08-01-01-01-12.wav,12
12_34_03-01-06-02-01-01-12,3.7370833333333335,/home/caryzxy/datasets/Audio_Speech_Actors_01-24/Actor_12/03-01-06-02-01-01-12.wav,12
12_35_03-01-04-02-02-02-12,3.8705416666666665,/home/caryzxy/datasets/Audio_Speech_Actors_01-24/Actor_12/03-01-04-02-02-02-12.wav,12
12_36_03-01-03-02-01-02-12,4.137458333333333,/home/caryzxy/datasets/Audio_Speech_Actors_01-24/Actor_12/03-01-03-02-01-02-12.wav,12
12_37_03-01-06-01-02-02-12,3.2032083333333334,/home/caryzxy/datasets/Audio_Speech_Actors_01-24/Actor_12/03-01-06-01-02-02-12.wav,12
12_38_03-01-05-01-02-02-12,4.137458333333333,/home/caryzxy/datasets/Audio_Speech_Actors_01-24/Actor_12/03-01-05-01-02-02-12.wav,12
12_39_03-01-03-01-02-01-12,3.5035,/home/caryzxy/datasets/Audio_Speech_Actors_01-24/Actor_12/03-01-03-01-02-01-12.wav,12
12_40_03-01-06-01-02-01-12,3.3700208333333332,/home/caryzxy/datasets/Audio_Speech_Actors_01-24/Actor_12/03-01-06-01-02-01-12.wav,12
12_41_03-01-06-02-02-01-12,3.4701458333333335,/home/caryzxy/datasets/Audio_Speech_Actors_01-24/Actor_12/03-01-06-02-02-01-12.wav,12
13_0_03-01-06-01-01-01-13,3.1364791666666667,/home/caryzxy/datasets/Audio_Speech_Actors_01-24/Actor_13/03-01-06-01-01-01-13.wav,13
13_1_03-01-07-02-02-02-13,3.4367708333333336,/home/caryzxy/datasets/Audio_Speech_Actors_01-24/Actor_13/03-01-07-02-02-02-13.wav,13
13_2_03-01-06-02-02-02-13,3.2032083333333334,/home/caryzxy/datasets/Audio_Speech_Actors_01-24/Actor_13/03-01-06-02-02-02-13.wav,13
13_3_03-01-08-02-01-02-13,3.3032916666666665,/home/caryzxy/datasets/Audio_Speech_Actors_01-24/Actor_13/03-01-08-02-01-02-13.wav,13
13_4_03-01-07-02-02-01-13,3.403395833333333,/home/caryzxy/datasets/Audio_Speech_Actors_01-24/Actor_13/03-01-07-02-02-01-13.wav,13
13_5_03-01-05-02-02-02-13,4.170833333333333,/home/caryzxy/datasets/Audio_Speech_Actors_01-24/Actor_13/03-01-05-02-02-02-13.wav,13
13_6_03-01-02-01-02-01-13,3.136458333333333,/home/caryzxy/datasets/Audio_Speech_Actors_01-24/Actor_13/03-01-02-01-02-01-13.wav,13
13_7_03-01-07-01-01-02-13,3.1698333333333335,/home/caryzxy/datasets/Audio_Speech_Actors_01-24/Actor_13/03-01-07-01-01-02-13.wav,13
13_8_03-01-06-01-01-02-13,3.1698333333333335,/home/caryzxy/datasets/Audio_Speech_Actors_01-24/Actor_13/03-01-06-01-01-02-13.wav,13
13_9_03-01-05-02-01-02-13,4.2709375,/home/caryzxy/datasets/Audio_Speech_Actors_01-24/Actor_13/03-01-05-02-01-02-13.wav,13
13_10_03-01-02-02-02-01-13,3.003,/home/caryzxy/datasets/Audio_Speech_Actors_01-24/Actor_13/03-01-02-02-02-01-13.wav,13
13_11_03-01-03-02-01-02-13,3.6036041666666665,/home/caryzxy/datasets/Audio_Speech_Actors_01-24/Actor_13/03-01-03-02-01-02-13.wav,13
13_12_03-01-06-01-02-02-13,3.2365625,/home/caryzxy/datasets/Audio_Speech_Actors_01-24/Actor_13/03-01-06-01-02-02-13.wav,13
13_13_03-01-04-01-01-01-13,3.5702291666666666,/home/caryzxy/datasets/Audio_Speech_Actors_01-24/Actor_13/03-01-04-01-01-01-13.wav,13
13_14_03-01-05-02-01-01-13,3.6703333333333332,/home/caryzxy/datasets/Audio_Speech_Actors_01-24/Actor_13/03-01-05-02-01-01-13.wav,13
13_15_03-01-05-01-02-02-13,3.3700208333333332,/home/caryzxy/datasets/Audio_Speech_Actors_01-24/Actor_13/03-01-05-01-02-02-13.wav,13
13_16_03-01-06-02-01-01-13,3.370041666666667,/home/caryzxy/datasets/Audio_Speech_Actors_01-24/Actor_13/03-01-06-02-01-01-13.wav,13
13_17_03-01-04-01-01-02-13,3.5368541666666666,/home/caryzxy/datasets/Audio_Speech_Actors_01-24/Actor_13/03-01-04-01-01-02-13.wav,13
13_18_03-01-01-01-01-01-13,3.1698333333333335,/home/caryzxy/datasets/Audio_Speech_Actors_01-24/Actor_13/03-01-01-01-01-01-13.wav,13
13_19_03-01-03-02-02-01-13,3.3700208333333332,/home/caryzxy/datasets/Audio_Speech_Actors_01-24/Actor_13/03-01-03-02-02-01-13.wav,13
13_20_03-01-04-02-01-02-13,3.3032916666666665,/home/caryzxy/datasets/Audio_Speech_Actors_01-24/Actor_13/03-01-04-02-01-02-13.wav,13
13_21_03-01-06-01-02-01-13,3.2032083333333334,/home/caryzxy/datasets/Audio_Speech_Actors_01-24/Actor_13/03-01-06-01-02-01-13.wav,13
13_22_03-01-05-01-01-01-13,3.4367708333333336,/home/caryzxy/datasets/Audio_Speech_Actors_01-24/Actor_13/03-01-05-01-01-01-13.wav,13
13_23_03-01-07-02-01-02-13,3.703708333333333,/home/caryzxy/datasets/Audio_Speech_Actors_01-24/Actor_13/03-01-07-02-01-02-13.wav,13
13_24_03-01-08-02-02-02-13,3.3032916666666665,/home/caryzxy/datasets/Audio_Speech_Actors_01-24/Actor_13/03-01-08-02-02-02-13.wav,13
13_25_03-01-04-01-02-02-13,3.370041666666667,/home/caryzxy/datasets/Audio_Speech_Actors_01-24/Actor_13/03-01-04-01-02-02-13.wav,13
13_26_03-01-04-02-02-02-13,3.2031875,/home/caryzxy/datasets/Audio_Speech_Actors_01-24/Actor_13/03-01-04-02-02-02-13.wav,13
13_27_03-01-03-02-02-02-13,3.3366666666666664,/home/caryzxy/datasets/Audio_Speech_Actors_01-24/Actor_13/03-01-03-02-02-02-13.wav,13
13_28_03-01-08-01-02-01-13,3.1364791666666667,/home/caryzxy/datasets/Audio_Speech_Actors_01-24/Actor_13/03-01-08-01-02-01-13.wav,13
13_29_03-01-02-02-02-02-13,3.0363541666666665,/home/caryzxy/datasets/Audio_Speech_Actors_01-24/Actor_13/03-01-02-02-02-02-13.wav,13
13_30_03-01-04-02-01-01-13,3.3366666666666664,/home/caryzxy/datasets/Audio_Speech_Actors_01-24/Actor_13/03-01-04-02-01-01-13.wav,13
13_31_03-01-08-02-01-01-13,3.3366666666666664,/home/caryzxy/datasets/Audio_Speech_Actors_01-24/Actor_13/03-01-08-02-01-01-13.wav,13
13_32_03-01-05-01-01-02-13,3.5368541666666666,/home/caryzxy/datasets/Audio_Speech_Actors_01-24/Actor_13/03-01-05-01-01-02-13.wav,13
13_33_03-01-03-01-01-02-13,3.2032083333333334,/home/caryzxy/datasets/Audio_Speech_Actors_01-24/Actor_13/03-01-03-01-01-02-13.wav,13
13_34_03-01-02-01-02-02-13,2.9362708333333334,/home/caryzxy/datasets/Audio_Speech_Actors_01-24/Actor_13/03-01-02-01-02-02-13.wav,13
13_35_03-01-08-01-02-02-13,3.036375,/home/caryzxy/datasets/Audio_Speech_Actors_01-24/Actor_13/03-01-08-01-02-02-13.wav,13
13_36_03-01-02-02-01-01-13,3.1364791666666667,/home/caryzxy/datasets/Audio_Speech_Actors_01-24/Actor_13/03-01-02-02-01-01-13.wav,13
13_37_03-01-07-01-01-01-13,3.136458333333333,/home/caryzxy/datasets/Audio_Speech_Actors_01-24/Actor_13/03-01-07-01-01-01-13.wav,13
13_38_03-01-02-02-01-02-13,3.2032083333333334,/home/caryzxy/datasets/Audio_Speech_Actors_01-24/Actor_13/03-01-02-02-01-02-13.wav,13
13_39_03-01-06-02-02-01-13,3.5035,/home/caryzxy/datasets/Audio_Speech_Actors_01-24/Actor_13/03-01-06-02-02-01-13.wav,13
13_40_03-01-03-01-01-01-13,3.2365625,/home/caryzxy/datasets/Audio_Speech_Actors_01-24/Actor_13/03-01-03-01-01-01-13.wav,13
13_41_03-01-03-01-02-02-13,3.2032083333333334,/home/caryzxy/datasets/Audio_Speech_Actors_01-24/Actor_13/03-01-03-01-02-02-13.wav,13
14_0_03-01-07-01-02-02-14,3.7704375,/home/caryzxy/datasets/Audio_Speech_Actors_01-24/Actor_14/03-01-07-01-02-02-14.wav,14
14_1_03-01-03-01-01-02-14,3.6703333333333332,/home/caryzxy/datasets/Audio_Speech_Actors_01-24/Actor_14/03-01-03-01-01-02-14.wav,14
14_2_03-01-05-01-01-01-14,3.6035833333333334,/home/caryzxy/datasets/Audio_Speech_Actors_01-24/Actor_14/03-01-05-01-01-01-14.wav,14
14_3_03-01-03-02-01-01-14,3.7704166666666667,/home/caryzxy/datasets/Audio_Speech_Actors_01-24/Actor_14/03-01-03-02-01-01-14.wav,14
14_4_03-01-07-01-01-02-14,3.6369583333333333,/home/caryzxy/datasets/Audio_Speech_Actors_01-24/Actor_14/03-01-07-01-01-02-14.wav,14
14_5_03-01-01-01-01-02-14,3.3366666666666664,/home/caryzxy/datasets/Audio_Speech_Actors_01-24/Actor_14/03-01-01-01-01-02-14.wav,14
14_6_03-01-06-01-01-02-14,3.5702291666666666,/home/caryzxy/datasets/Audio_Speech_Actors_01-24/Actor_14/03-01-06-01-01-02-14.wav,14
14_7_03-01-08-02-02-02-14,3.7370625,/home/caryzxy/datasets/Audio_Speech_Actors_01-24/Actor_14/03-01-08-02-02-02-14.wav,14
14_8_03-01-08-02-01-01-14,3.970625,/home/caryzxy/datasets/Audio_Speech_Actors_01-24/Actor_14/03-01-08-02-01-01-14.wav,14
14_9_03-01-07-01-01-01-14,3.7704166666666667,/home/caryzxy/datasets/Audio_Speech_Actors_01-24/Actor_14/03-01-07-01-01-01-14.wav,14
14_10_03-01-08-01-01-02-14,3.57025,/home/caryzxy/datasets/Audio_Speech_Actors_01-24/Actor_14/03-01-08-01-01-02-14.wav,14
14_11_03-01-08-01-02-01-14,3.2032083333333334,/home/caryzxy/datasets/Audio_Speech_Actors_01-24/Actor_14/03-01-08-01-02-01-14.wav,14
14_12_03-01-06-01-02-02-14,3.3700208333333332,/home/caryzxy/datasets/Audio_Speech_Actors_01-24/Actor_14/03-01-06-01-02-02-14.wav,14
14_13_03-01-01-01-02-02-14,3.5702291666666666,/home/caryzxy/datasets/Audio_Speech_Actors_01-24/Actor_14/03-01-01-01-02-02-14.wav,14
14_14_03-01-04-02-01-02-14,3.6703333333333332,/home/caryzxy/datasets/Audio_Speech_Actors_01-24/Actor_14/03-01-04-02-01-02-14.wav,14
14_15_03-01-02-01-01-02-14,3.5702291666666666,/home/caryzxy/datasets/Audio_Speech_Actors_01-24/Actor_14/03-01-02-01-01-02-14.wav,14
14_16_03-01-07-02-02-02-14,3.8037916666666667,/home/caryzxy/datasets/Audio_Speech_Actors_01-24/Actor_14/03-01-07-02-02-02-14.wav,14
14_17_03-01-07-02-01-01-14,3.93725,/home/caryzxy/datasets/Audio_Speech_Actors_01-24/Actor_14/03-01-07-02-01-01-14.wav,14
14_18_03-01-07-02-02-01-14,3.6703333333333332,/home/caryzxy/datasets/Audio_Speech_Actors_01-24/Actor_14/03-01-07-02-02-01-14.wav,14
14_19_03-01-02-02-02-01-14,3.7370625,/home/caryzxy/datasets/Audio_Speech_Actors_01-24/Actor_14/03-01-02-02-02-01-14.wav,14
14_20_03-01-03-01-01-01-14,3.703708333333333,/home/caryzxy/datasets/Audio_Speech_Actors_01-24/Actor_14/03-01-03-01-01-01-14.wav,14
14_21_03-01-03-02-02-02-14,3.7370625,/home/caryzxy/datasets/Audio_Speech_Actors_01-24/Actor_14/03-01-03-02-02-02-14.wav,14
14_22_03-01-03-02-02-01-14,3.8371666666666666,/home/caryzxy/datasets/Audio_Speech_Actors_01-24/Actor_14/03-01-03-02-02-01-14.wav,14
14_23_03-01-06-01-01-01-14,3.3700208333333332,/home/caryzxy/datasets/Audio_Speech_Actors_01-24/Actor_14/03-01-06-01-01-01-14.wav,14
14_24_03-01-04-02-01-01-14,3.8705208333333334,/home/caryzxy/datasets/Audio_Speech_Actors_01-24/Actor_14/03-01-04-02-01-01-14.wav,14
14_25_03-01-02-01-02-02-14,3.5035,/home/caryzxy/datasets/Audio_Speech_Actors_01-24/Actor_14/03-01-02-01-02-02-14.wav,14
14_26_03-01-03-01-02-01-14,3.403395833333333,/home/caryzxy/datasets/Audio_Speech_Actors_01-24/Actor_14/03-01-03-01-02-01-14.wav,14
14_27_03-01-02-02-01-01-14,3.8705208333333334,/home/caryzxy/datasets/Audio_Speech_Actors_01-24/Actor_14/03-01-02-02-01-01-14.wav,14
14_28_03-01-01-01-02-01-14,3.4701458333333335,/home/caryzxy/datasets/Audio_Speech_Actors_01-24/Actor_14/03-01-01-01-02-01-14.wav,14
14_29_03-01-05-02-02-02-14,4.404416666666667,/home/caryzxy/datasets/Audio_Speech_Actors_01-24/Actor_14/03-01-05-02-02-02-14.wav,14
14_30_03-01-07-02-01-02-14,3.7370625,/home/caryzxy/datasets/Audio_Speech_Actors_01-24/Actor_14/03-01-07-02-01-02-14.wav,14
14_31_03-01-03-01-02-02-14,3.470125,/home/caryzxy/datasets/Audio_Speech_Actors_01-24/Actor_14/03-01-03-01-02-02-14.wav,14
14_32_03-01-04-01-01-01-14,3.7370625,/home/caryzxy/datasets/Audio_Speech_Actors_01-24/Actor_14/03-01-04-01-01-01-14.wav,14
14_33_03-01-06-01-02-01-14,3.370041666666667,/home/caryzxy/datasets/Audio_Speech_Actors_01-24/Actor_14/03-01-06-01-02-01-14.wav,14
14_34_03-01-08-01-01-01-14,3.636979166666667,/home/caryzxy/datasets/Audio_Speech_Actors_01-24/Actor_14/03-01-08-01-01-01-14.wav,14
14_35_03-01-06-02-02-02-14,3.470125,/home/caryzxy/datasets/Audio_Speech_Actors_01-24/Actor_14/03-01-06-02-02-02-14.wav,14
14_36_03-01-05-01-02-01-14,3.7370625,/home/caryzxy/datasets/Audio_Speech_Actors_01-24/Actor_14/03-01-05-01-02-01-14.wav,14
14_37_03-01-08-02-02-01-14,3.703708333333333,/home/caryzxy/datasets/Audio_Speech_Actors_01-24/Actor_14/03-01-08-02-02-01-14.wav,14
14_38_03-01-03-02-01-02-14,3.7370625,/home/caryzxy/datasets/Audio_Speech_Actors_01-24/Actor_14/03-01-03-02-01-02-14.wav,14
14_39_03-01-05-02-01-02-14,4.371020833333334,/home/caryzxy/datasets/Audio_Speech_Actors_01-24/Actor_14/03-01-05-02-01-02-14.wav,14
14_40_03-01-02-02-02-02-14,3.7704375,/home/caryzxy/datasets/Audio_Speech_Actors_01-24/Actor_14/03-01-02-02-02-02-14.wav,14
14_41_03-01-07-01-02-01-14,3.7370625,/home/caryzxy/datasets/Audio_Speech_Actors_01-24/Actor_14/03-01-07-01-02-01-14.wav,14
15_0_03-01-08-01-01-02-15,3.4367708333333336,/home/caryzxy/datasets/Audio_Speech_Actors_01-24/Actor_15/03-01-08-01-01-02-15.wav,15
15_1_03-01-06-02-02-01-15,3.3700208333333332,/home/caryzxy/datasets/Audio_Speech_Actors_01-24/Actor_15/03-01-06-02-02-01-15.wav,15
15_2_03-01-04-02-01-01-15,3.2699166666666666,/home/caryzxy/datasets/Audio_Speech_Actors_01-24/Actor_15/03-01-04-02-01-01-15.wav,15
15_3_03-01-07-01-02-01-15,3.6703333333333332,/home/caryzxy/datasets/Audio_Speech_Actors_01-24/Actor_15/03-01-07-01-02-01-15.wav,15
15_4_03-01-07-02-02-01-15,3.3033125,/home/caryzxy/datasets/Audio_Speech_Actors_01-24/Actor_15/03-01-07-02-02-01-15.wav,15
15_5_03-01-07-01-02-02-15,4.070729166666666,/home/caryzxy/datasets/Audio_Speech_Actors_01-24/Actor_15/03-01-07-01-02-02-15.wav,15
15_6_03-01-01-01-01-01-15,3.370041666666667,/home/caryzxy/datasets/Audio_Speech_Actors_01-24/Actor_15/03-01-01-01-01-01-15.wav,15
15_7_03-01-02-02-02-02-15,3.6035833333333334,/home/caryzxy/datasets/Audio_Speech_Actors_01-24/Actor_15/03-01-02-02-02-02-15.wav,15
15_8_03-01-01-01-02-01-15,3.43675,/home/caryzxy/datasets/Audio_Speech_Actors_01-24/Actor_15/03-01-01-01-02-01-15.wav,15
15_9_03-01-05-02-02-01-15,3.4701458333333335,/home/caryzxy/datasets/Audio_Speech_Actors_01-24/Actor_15/03-01-05-02-02-01-15.wav,15
15_10_03-01-03-01-01-01-15,3.403395833333333,/home/caryzxy/datasets/Audio_Speech_Actors_01-24/Actor_15/03-01-03-01-01-01-15.wav,15
15_11_03-01-02-01-01-01-15,3.57025,/home/caryzxy/datasets/Audio_Speech_Actors_01-24/Actor_15/03-01-02-01-01-01-15.wav,15
15_12_03-01-04-02-02-01-15,3.536875,/home/caryzxy/datasets/Audio_Speech_Actors_01-24/Actor_15/03-01-04-02-02-01-15.wav,15
15_13_03-01-03-01-01-02-15,3.3366666666666664,/home/caryzxy/datasets/Audio_Speech_Actors_01-24/Actor_15/03-01-03-01-01-02-15.wav,15
15_14_03-01-07-02-01-02-15,3.370041666666667,/home/caryzxy/datasets/Audio_Speech_Actors_01-24/Actor_15/03-01-07-02-01-02-15.wav,15
15_15_03-01-06-01-02-02-15,3.3032916666666665,/home/caryzxy/datasets/Audio_Speech_Actors_01-24/Actor_15/03-01-06-01-02-02-15.wav,15
15_16_03-01-03-02-01-01-15,3.5702291666666666,/home/caryzxy/datasets/Audio_Speech_Actors_01-24/Actor_15/03-01-03-02-01-01-15.wav,15
15_17_03-01-05-02-01-01-15,3.536875,/home/caryzxy/datasets/Audio_Speech_Actors_01-24/Actor_15/03-01-05-02-01-01-15.wav,15
15_18_03-01-06-02-02-02-15,3.5035,/home/caryzxy/datasets/Audio_Speech_Actors_01-24/Actor_15/03-01-06-02-02-02-15.wav,15
15_19_03-01-04-01-01-01-15,3.5035,/home/caryzxy/datasets/Audio_Speech_Actors_01-24/Actor_15/03-01-04-01-01-01-15.wav,15
15_20_03-01-08-01-01-01-15,3.636979166666667,/home/caryzxy/datasets/Audio_Speech_Actors_01-24/Actor_15/03-01-08-01-01-01-15.wav,15
15_21_03-01-08-02-01-02-15,3.3032916666666665,/home/caryzxy/datasets/Audio_Speech_Actors_01-24/Actor_15/03-01-08-02-01-02-15.wav,15
15_22_03-01-07-02-02-02-15,3.4701458333333335,/home/caryzxy/datasets/Audio_Speech_Actors_01-24/Actor_15/03-01-07-02-02-02-15.wav,15
15_23_03-01-06-01-02-01-15,3.2699375,/home/caryzxy/datasets/Audio_Speech_Actors_01-24/Actor_15/03-01-06-01-02-01-15.wav,15
15_24_03-01-02-02-02-01-15,3.9372708333333333,/home/caryzxy/datasets/Audio_Speech_Actors_01-24/Actor_15/03-01-02-02-02-01-15.wav,15
15_25_03-01-02-01-02-01-15,3.7370625,/home/caryzxy/datasets/Audio_Speech_Actors_01-24/Actor_15/03-01-02-01-02-01-15.wav,15
15_26_03-01-06-02-01-01-15,3.3366666666666664,/home/caryzxy/datasets/Audio_Speech_Actors_01-24/Actor_15/03-01-06-02-01-01-15.wav,15
15_27_03-01-01-01-02-02-15,3.403395833333333,/home/caryzxy/datasets/Audio_Speech_Actors_01-24/Actor_15/03-01-01-01-02-02-15.wav,15
15_28_03-01-02-01-02-02-15,3.5702291666666666,/home/caryzxy/datasets/Audio_Speech_Actors_01-24/Actor_15/03-01-02-01-02-02-15.wav,15
15_29_03-01-02-02-01-01-15,3.6703333333333332,/home/caryzxy/datasets/Audio_Speech_Actors_01-24/Actor_15/03-01-02-02-01-01-15.wav,15
15_30_03-01-02-02-01-02-15,3.8038125,/home/caryzxy/datasets/Audio_Speech_Actors_01-24/Actor_15/03-01-02-02-01-02-15.wav,15
15_31_03-01-03-02-01-02-15,3.470125,/home/caryzxy/datasets/Audio_Speech_Actors_01-24/Actor_15/03-01-03-02-01-02-15.wav,15
15_32_03-01-05-01-01-02-15,3.6036041666666665,/home/caryzxy/datasets/Audio_Speech_Actors_01-24/Actor_15/03-01-05-01-01-02-15.wav,15
15_33_03-01-06-01-01-01-15,3.3032916666666665,/home/caryzxy/datasets/Audio_Speech_Actors_01-24/Actor_15/03-01-06-01-01-01-15.wav,15
15_34_03-01-04-01-01-02-15,3.3032916666666665,/home/caryzxy/datasets/Audio_Speech_Actors_01-24/Actor_15/03-01-04-01-01-02-15.wav,15
15_35_03-01-04-02-02-02-15,3.4367708333333336,/home/caryzxy/datasets/Audio_Speech_Actors_01-24/Actor_15/03-01-04-02-02-02-15.wav,15
15_36_03-01-04-01-02-01-15,3.3033125,/home/caryzxy/datasets/Audio_Speech_Actors_01-24/Actor_15/03-01-04-01-02-01-15.wav,15
15_37_03-01-05-02-01-02-15,3.7370833333333335,/home/caryzxy/datasets/Audio_Speech_Actors_01-24/Actor_15/03-01-05-02-01-02-15.wav,15
15_38_03-01-08-02-02-01-15,3.2032083333333334,/home/caryzxy/datasets/Audio_Speech_Actors_01-24/Actor_15/03-01-08-02-02-01-15.wav,15
15_39_03-01-08-01-02-01-15,3.703708333333333,/home/caryzxy/datasets/Audio_Speech_Actors_01-24/Actor_15/03-01-08-01-02-01-15.wav,15
15_40_03-01-04-01-02-02-15,3.3700208333333332,/home/caryzxy/datasets/Audio_Speech_Actors_01-24/Actor_15/03-01-04-01-02-02-15.wav,15
15_41_03-01-06-01-01-02-15,3.3033125,/home/caryzxy/datasets/Audio_Speech_Actors_01-24/Actor_15/03-01-06-01-01-02-15.wav,15
16_0_03-01-08-02-01-01-16,3.536875,/home/caryzxy/datasets/Audio_Speech_Actors_01-24/Actor_16/03-01-08-02-01-01-16.wav,16
16_1_03-01-07-02-02-02-16,4.137479166666667,/home/caryzxy/datasets/Audio_Speech_Actors_01-24/Actor_16/03-01-07-02-02-02-16.wav,16
16_2_03-01-04-02-02-02-16,3.7370625,/home/caryzxy/datasets/Audio_Speech_Actors_01-24/Actor_16/03-01-04-02-02-02-16.wav,16
16_3_03-01-02-02-02-01-16,3.8038125,/home/caryzxy/datasets/Audio_Speech_Actors_01-24/Actor_16/03-01-02-02-02-01-16.wav,16
16_4_03-01-06-02-02-02-16,3.5035,/home/caryzxy/datasets/Audio_Speech_Actors_01-24/Actor_16/03-01-06-02-02-02-16.wav,16
16_5_03-01-02-01-01-02-16,3.8705208333333334,/home/caryzxy/datasets/Audio_Speech_Actors_01-24/Actor_16/03-01-02-01-01-02-16.wav,16
16_6_03-01-08-01-02-01-16,3.5035,/home/caryzxy/datasets/Audio_Speech_Actors_01-24/Actor_16/03-01-08-01-02-01-16.wav,16
16_7_03-01-08-01-02-02-16,3.4367708333333336,/home/caryzxy/datasets/Audio_Speech_Actors_01-24/Actor_16/03-01-08-01-02-02-16.wav,16
16_8_03-01-07-01-01-02-16,3.7370625,/home/caryzxy/datasets/Audio_Speech_Actors_01-24/Actor_16/03-01-07-01-01-02-16.wav,16
16_9_03-01-01-01-01-02-16,3.7370833333333335,/home/caryzxy/datasets/Audio_Speech_Actors_01-24/Actor_16/03-01-01-01-01-02-16.wav,16
16_10_03-01-04-01-02-01-16,3.4034166666666668,/home/caryzxy/datasets/Audio_Speech_Actors_01-24/Actor_16/03-01-04-01-02-01-16.wav,16
16_11_03-01-07-02-02-01-16,4.137458333333333,/home/caryzxy/datasets/Audio_Speech_Actors_01-24/Actor_16/03-01-07-02-02-01-16.wav,16
16_12_03-01-03-01-02-02-16,3.6703333333333332,/home/caryzxy/datasets/Audio_Speech_Actors_01-24/Actor_16/03-01-03-01-02-02-16.wav,16
16_13_03-01-04-01-01-01-16,3.5702291666666666,/home/caryzxy/datasets/Audio_Speech_Actors_01-24/Actor_16/03-01-04-01-01-01-16.wav,16
16_14_03-01-08-02-02-01-16,3.57025,/home/caryzxy/datasets/Audio_Speech_Actors_01-24/Actor_16/03-01-08-02-02-01-16.wav,16
16_15_03-01-06-01-01-02-16,3.5035,/home/caryzxy/datasets/Audio_Speech_Actors_01-24/Actor_16/03-01-06-01-01-02-16.wav,16
16_16_03-01-05-02-01-01-16,3.970645833333333,/home/caryzxy/datasets/Audio_Speech_Actors_01-24/Actor_16/03-01-05-02-01-01-16.wav,16
16_17_03-01-08-01-01-02-16,3.43675,/home/caryzxy/datasets/Audio_Speech_Actors_01-24/Actor_16/03-01-08-01-01-02-16.wav,16
16_18_03-01-03-01-02-01-16,3.7370625,/home/caryzxy/datasets/Audio_Speech_Actors_01-24/Actor_16/03-01-03-01-02-01-16.wav,16
16_19_03-01-03-01-01-01-16,3.703708333333333,/home/caryzxy/datasets/Audio_Speech_Actors_01-24/Actor_16/03-01-03-01-01-01-16.wav,16
16_20_03-01-06-02-01-02-16,3.7370625,/home/caryzxy/datasets/Audio_Speech_Actors_01-24/Actor_16/03-01-06-02-01-02-16.wav,16
16_21_03-01-05-01-01-02-16,4.004,/home/caryzxy/datasets/Audio_Speech_Actors_01-24/Actor_16/03-01-05-01-01-02-16.wav,16
16_22_03-01-04-01-02-02-16,3.5035,/home/caryzxy/datasets/Audio_Speech_Actors_01-24/Actor_16/03-01-04-01-02-02-16.wav,16
16_23_03-01-04-02-02-01-16,3.8705416666666665,/home/caryzxy/datasets/Audio_Speech_Actors_01-24/Actor_16/03-01-04-02-02-01-16.wav,16
16_24_03-01-07-02-01-02-16,4.237583333333333,/home/caryzxy/datasets/Audio_Speech_Actors_01-24/Actor_16/03-01-07-02-01-02-16.wav,16
16_25_03-01-03-01-01-02-16,3.6703333333333332,/home/caryzxy/datasets/Audio_Speech_Actors_01-24/Actor_16/03-01-03-01-01-02-16.wav,16
16_26_03-01-04-02-01-01-16,3.7370625,/home/caryzxy/datasets/Audio_Speech_Actors_01-24/Actor_16/03-01-04-02-01-01-16.wav,16
16_27_03-01-03-02-01-02-16,3.5702291666666666,/home/caryzxy/datasets/Audio_Speech_Actors_01-24/Actor_16/03-01-03-02-01-02-16.wav,16
16_28_03-01-05-02-02-01-16,3.8037916666666667,/home/caryzxy/datasets/Audio_Speech_Actors_01-24/Actor_16/03-01-05-02-02-01-16.wav,16
16_29_03-01-06-01-02-02-16,3.5702291666666666,/home/caryzxy/datasets/Audio_Speech_Actors_01-24/Actor_16/03-01-06-01-02-02-16.wav,16
16_30_03-01-01-01-02-01-16,3.6036041666666665,/home/caryzxy/datasets/Audio_Speech_Actors_01-24/Actor_16/03-01-01-01-02-01-16.wav,16
16_31_03-01-03-02-02-02-16,3.8038125,/home/caryzxy/datasets/Audio_Speech_Actors_01-24/Actor_16/03-01-03-02-02-02-16.wav,16
16_32_03-01-05-02-01-02-16,3.7370625,/home/caryzxy/datasets/Audio_Speech_Actors_01-24/Actor_16/03-01-05-02-01-02-16.wav,16
16_33_03-01-02-02-01-02-16,3.9372708333333333,/home/caryzxy/datasets/Audio_Speech_Actors_01-24/Actor_16/03-01-02-02-01-02-16.wav,16
16_34_03-01-06-02-02-01-16,3.5368541666666666,/home/caryzxy/datasets/Audio_Speech_Actors_01-24/Actor_16/03-01-06-02-02-01-16.wav,16
16_35_03-01-06-01-02-01-16,3.6369583333333333,/home/caryzxy/datasets/Audio_Speech_Actors_01-24/Actor_16/03-01-06-01-02-01-16.wav,16
16_36_03-01-08-01-01-01-16,3.536875,/home/caryzxy/datasets/Audio_Speech_Actors_01-24/Actor_16/03-01-08-01-01-01-16.wav,16
16_37_03-01-04-02-01-02-16,3.8038125,/home/caryzxy/datasets/Audio_Speech_Actors_01-24/Actor_16/03-01-04-02-01-02-16.wav,16
16_38_03-01-02-01-01-01-16,3.7036875,/home/caryzxy/datasets/Audio_Speech_Actors_01-24/Actor_16/03-01-02-01-01-01-16.wav,16
16_39_03-01-02-01-02-02-16,3.6703333333333332,/home/caryzxy/datasets/Audio_Speech_Actors_01-24/Actor_16/03-01-02-01-02-02-16.wav,16
16_40_03-01-07-01-02-01-16,3.470125,/home/caryzxy/datasets/Audio_Speech_Actors_01-24/Actor_16/03-01-07-01-02-01-16.wav,16
16_41_03-01-03-02-01-01-16,3.7704375,/home/caryzxy/datasets/Audio_Speech_Actors_01-24/Actor_16/03-01-03-02-01-01-16.wav,16
17_0_03-01-04-01-01-01-17,3.6703333333333332,/home/caryzxy/datasets/Audio_Speech_Actors_01-24/Actor_17/03-01-04-01-01-01-17.wav,17
17_1_03-01-05-02-01-01-17,3.5035,/home/caryzxy/datasets/Audio_Speech_Actors_01-24/Actor_17/03-01-05-02-01-01-17.wav,17
17_2_03-01-07-02-02-02-17,4.604604166666666,/home/caryzxy/datasets/Audio_Speech_Actors_01-24/Actor_17/03-01-07-02-02-02-17.wav,17
17_3_03-01-08-02-01-02-17,3.6703333333333332,/home/caryzxy/datasets/Audio_Speech_Actors_01-24/Actor_17/03-01-08-02-01-02-17.wav,17
17_4_03-01-06-02-01-01-17,3.703708333333333,/home/caryzxy/datasets/Audio_Speech_Actors_01-24/Actor_17/03-01-06-02-01-01-17.wav,17
17_5_03-01-03-01-01-02-17,3.536875,/home/caryzxy/datasets/Audio_Speech_Actors_01-24/Actor_17/03-01-03-01-01-02-17.wav,17
17_6_03-01-06-01-02-02-17,3.6369583333333333,/home/caryzxy/datasets/Audio_Speech_Actors_01-24/Actor_17/03-01-06-01-02-02-17.wav,17
17_7_03-01-02-02-02-02-17,3.536875,/home/caryzxy/datasets/Audio_Speech_Actors_01-24/Actor_17/03-01-02-02-02-02-17.wav,17
17_8_03-01-06-02-02-01-17,3.6703333333333332,/home/caryzxy/datasets/Audio_Speech_Actors_01-24/Actor_17/03-01-06-02-02-01-17.wav,17
17_9_03-01-08-01-02-01-17,3.370041666666667,/home/caryzxy/datasets/Audio_Speech_Actors_01-24/Actor_17/03-01-08-01-02-01-17.wav,17
17_10_03-01-02-01-02-01-17,3.7370833333333335,/home/caryzxy/datasets/Audio_Speech_Actors_01-24/Actor_17/03-01-02-01-02-01-17.wav,17
17_11_03-01-08-02-01-01-17,3.536875,/home/caryzxy/datasets/Audio_Speech_Actors_01-24/Actor_17/03-01-08-02-01-01-17.wav,17
17_12_03-01-04-02-01-01-17,3.6703333333333332,/home/caryzxy/datasets/Audio_Speech_Actors_01-24/Actor_17/03-01-04-02-01-01-17.wav,17
17_13_03-01-06-02-02-02-17,3.8371666666666666,/home/caryzxy/datasets/Audio_Speech_Actors_01-24/Actor_17/03-01-06-02-02-02-17.wav,17
17_14_03-01-06-01-01-01-17,3.470125,/home/caryzxy/datasets/Audio_Speech_Actors_01-24/Actor_17/03-01-06-01-01-01-17.wav,17
17_15_03-01-03-01-02-02-17,3.5368541666666666,/home/caryzxy/datasets/Audio_Speech_Actors_01-24/Actor_17/03-01-03-01-02-02-17.wav,17
17_16_03-01-02-02-01-01-17,3.8705416666666665,/home/caryzxy/datasets/Audio_Speech_Actors_01-24/Actor_17/03-01-02-02-01-01-17.wav,17
17_17_03-01-08-01-01-01-17,3.403395833333333,/home/caryzxy/datasets/Audio_Speech_Actors_01-24/Actor_17/03-01-08-01-01-01-17.wav,17
17_18_03-01-04-01-02-01-17,3.5702291666666666,/home/caryzxy/datasets/Audio_Speech_Actors_01-24/Actor_17/03-01-04-01-02-01-17.wav,17
17_19_03-01-04-01-01-02-17,3.5035,/home/caryzxy/datasets/Audio_Speech_Actors_01-24/Actor_17/03-01-04-01-01-02-17.wav,17
17_20_03-01-01-01-02-02-17,3.470125,/home/caryzxy/datasets/Audio_Speech_Actors_01-24/Actor_17/03-01-01-01-02-02-17.wav,17
17_21_03-01-08-02-02-02-17,3.5368541666666666,/home/caryzxy/datasets/Audio_Speech_Actors_01-24/Actor_17/03-01-08-02-02-02-17.wav,17
17_22_03-01-08-01-02-02-17,3.4367708333333336,/home/caryzxy/datasets/Audio_Speech_Actors_01-24/Actor_17/03-01-08-01-02-02-17.wav,17
17_23_03-01-07-01-02-01-17,3.5702291666666666,/home/caryzxy/datasets/Audio_Speech_Actors_01-24/Actor_17/03-01-07-01-02-01-17.wav,17
17_24_03-01-04-01-02-02-17,3.6036041666666665,/home/caryzxy/datasets/Audio_Speech_Actors_01-24/Actor_17/03-01-04-01-02-02-17.wav,17
17_25_03-01-03-02-02-02-17,3.8037916666666667,/home/caryzxy/datasets/Audio_Speech_Actors_01-24/Actor_17/03-01-03-02-02-02-17.wav,17
17_26_03-01-05-01-02-02-17,3.536875,/home/caryzxy/datasets/Audio_Speech_Actors_01-24/Actor_17/03-01-05-01-02-02-17.wav,17
17_27_03-01-04-02-01-02-17,3.703708333333333,/home/caryzxy/datasets/Audio_Speech_Actors_01-24/Actor_17/03-01-04-02-01-02-17.wav,17
17_28_03-01-02-01-01-02-17,3.536875,/home/caryzxy/datasets/Audio_Speech_Actors_01-24/Actor_17/03-01-02-01-01-02-17.wav,17
17_29_03-01-01-01-01-02-17,3.5035,/home/caryzxy/datasets/Audio_Speech_Actors_01-24/Actor_17/03-01-01-01-01-02-17.wav,17
17_30_03-01-07-02-01-02-17,4.170833333333333,/home/caryzxy/datasets/Audio_Speech_Actors_01-24/Actor_17/03-01-07-02-01-02-17.wav,17
17_31_03-01-05-02-01-02-17,3.7370625,/home/caryzxy/datasets/Audio_Speech_Actors_01-24/Actor_17/03-01-05-02-01-02-17.wav,17
17_32_03-01-03-02-01-02-17,4.104104166666667,/home/caryzxy/datasets/Audio_Speech_Actors_01-24/Actor_17/03-01-03-02-01-02-17.wav,17
17_33_03-01-02-02-01-02-17,3.6036041666666665,/home/caryzxy/datasets/Audio_Speech_Actors_01-24/Actor_17/03-01-02-02-01-02-17.wav,17
17_34_03-01-06-02-01-02-17,3.7370625,/home/caryzxy/datasets/Audio_Speech_Actors_01-24/Actor_17/03-01-06-02-01-02-17.wav,17
17_35_03-01-05-02-02-01-17,3.636979166666667,/home/caryzxy/datasets/Audio_Speech_Actors_01-24/Actor_17/03-01-05-02-02-01-17.wav,17
17_36_03-01-02-01-02-02-17,3.7704375,/home/caryzxy/datasets/Audio_Speech_Actors_01-24/Actor_17/03-01-02-01-02-02-17.wav,17
17_37_03-01-04-02-02-02-17,3.5702291666666666,/home/caryzxy/datasets/Audio_Speech_Actors_01-24/Actor_17/03-01-04-02-02-02-17.wav,17
17_38_03-01-03-01-01-01-17,3.470125,/home/caryzxy/datasets/Audio_Speech_Actors_01-24/Actor_17/03-01-03-01-01-01-17.wav,17
17_39_03-01-06-01-01-02-17,3.5035,/home/caryzxy/datasets/Audio_Speech_Actors_01-24/Actor_17/03-01-06-01-01-02-17.wav,17
17_40_03-01-03-02-01-01-17,3.7370625,/home/caryzxy/datasets/Audio_Speech_Actors_01-24/Actor_17/03-01-03-02-01-01-17.wav,17
17_41_03-01-07-02-01-01-17,4.204208333333334,/home/caryzxy/datasets/Audio_Speech_Actors_01-24/Actor_17/03-01-07-02-01-01-17.wav,17
18_0_03-01-03-02-02-02-18,3.8371666666666666,/home/caryzxy/datasets/Audio_Speech_Actors_01-24/Actor_18/03-01-03-02-02-02-18.wav,18
18_1_03-01-07-01-01-01-18,4.3043125,/home/caryzxy/datasets/Audio_Speech_Actors_01-24/Actor_18/03-01-07-01-01-01-18.wav,18
18_2_03-01-06-02-02-01-18,3.8038125,/home/caryzxy/datasets/Audio_Speech_Actors_01-24/Actor_18/03-01-06-02-02-01-18.wav,18
18_3_03-01-07-01-02-02-18,4.371041666666667,/home/caryzxy/datasets/Audio_Speech_Actors_01-24/Actor_18/03-01-07-01-02-02-18.wav,18
18_4_03-01-05-01-01-02-18,4.170833333333333,/home/caryzxy/datasets/Audio_Speech_Actors_01-24/Actor_18/03-01-05-01-01-02-18.wav,18
18_5_03-01-06-01-02-02-18,3.4701458333333335,/home/caryzxy/datasets/Audio_Speech_Actors_01-24/Actor_18/03-01-06-01-02-02-18.wav,18
18_6_03-01-03-01-02-02-18,3.5035,/home/caryzxy/datasets/Audio_Speech_Actors_01-24/Actor_18/03-01-03-01-02-02-18.wav,18
18_7_03-01-02-01-01-01-18,3.470125,/home/caryzxy/datasets/Audio_Speech_Actors_01-24/Actor_18/03-01-02-01-01-01-18.wav,18
18_8_03-01-05-02-01-01-18,3.703708333333333,/home/caryzxy/datasets/Audio_Speech_Actors_01-24/Actor_18/03-01-05-02-01-01-18.wav,18
18_9_03-01-08-02-02-02-18,3.6369583333333333,/home/caryzxy/datasets/Audio_Speech_Actors_01-24/Actor_18/03-01-08-02-02-02-18.wav,18
18_10_03-01-08-01-01-02-18,3.5035,/home/caryzxy/datasets/Audio_Speech_Actors_01-24/Actor_18/03-01-08-01-01-02-18.wav,18
18_11_03-01-05-02-02-02-18,4.2375625,/home/caryzxy/datasets/Audio_Speech_Actors_01-24/Actor_18/03-01-05-02-02-02-18.wav,18
18_12_03-01-02-01-02-02-18,3.5035,/home/caryzxy/datasets/Audio_Speech_Actors_01-24/Actor_18/03-01-02-01-02-02-18.wav,18
18_13_03-01-04-01-02-02-18,3.6369583333333333,/home/caryzxy/datasets/Audio_Speech_Actors_01-24/Actor_18/03-01-04-01-02-02-18.wav,18
18_14_03-01-02-02-01-02-18,3.6036041666666665,/home/caryzxy/datasets/Audio_Speech_Actors_01-24/Actor_18/03-01-02-02-01-02-18.wav,18
18_15_03-01-07-02-01-02-18,4.471145833333333,/home/caryzxy/datasets/Audio_Speech_Actors_01-24/Actor_18/03-01-07-02-01-02-18.wav,18
18_16_03-01-06-01-02-01-18,3.470125,/home/caryzxy/datasets/Audio_Speech_Actors_01-24/Actor_18/03-01-06-01-02-01-18.wav,18
18_17_03-01-01-01-01-02-18,3.536875,/home/caryzxy/datasets/Audio_Speech_Actors_01-24/Actor_18/03-01-01-01-01-02-18.wav,18
18_18_03-01-03-01-01-02-18,3.3700208333333332,/home/caryzxy/datasets/Audio_Speech_Actors_01-24/Actor_18/03-01-03-01-01-02-18.wav,18
18_19_03-01-06-02-02-02-18,3.8037916666666667,/home/caryzxy/datasets/Audio_Speech_Actors_01-24/Actor_18/03-01-06-02-02-02-18.wav,18
18_20_03-01-07-02-02-01-18,4.637958333333334,/home/caryzxy/datasets/Audio_Speech_Actors_01-24/Actor_18/03-01-07-02-02-01-18.wav,18
18_21_03-01-01-01-01-01-18,3.4701458333333335,/home/caryzxy/datasets/Audio_Speech_Actors_01-24/Actor_18/03-01-01-01-01-01-18.wav,18
18_22_03-01-03-02-01-01-18,3.7704375,/home/caryzxy/datasets/Audio_Speech_Actors_01-24/Actor_18/03-01-03-02-01-01-18.wav,18
18_23_03-01-03-01-01-01-18,3.403395833333333,/home/caryzxy/datasets/Audio_Speech_Actors_01-24/Actor_18/03-01-03-01-01-01-18.wav,18
18_24_03-01-04-02-01-01-18,3.8037916666666667,/home/caryzxy/datasets/Audio_Speech_Actors_01-24/Actor_18/03-01-04-02-01-01-18.wav,18
18_25_03-01-01-01-02-02-18,3.4701458333333335,/home/caryzxy/datasets/Audio_Speech_Actors_01-24/Actor_18/03-01-01-01-02-02-18.wav,18
18_26_03-01-07-02-02-02-18,4.571229166666667,/home/caryzxy/datasets/Audio_Speech_Actors_01-24/Actor_18/03-01-07-02-02-02-18.wav,18
18_27_03-01-02-02-01-01-18,3.6036041666666665,/home/caryzxy/datasets/Audio_Speech_Actors_01-24/Actor_18/03-01-02-02-01-01-18.wav,18
18_28_03-01-08-02-01-01-18,3.636979166666667,/home/caryzxy/datasets/Audio_Speech_Actors_01-24/Actor_18/03-01-08-02-01-01-18.wav,18
18_29_03-01-05-02-02-01-18,3.8371666666666666,/home/caryzxy/datasets/Audio_Speech_Actors_01-24/Actor_18/03-01-05-02-02-01-18.wav,18
18_30_03-01-03-01-02-01-18,3.43675,/home/caryzxy/datasets/Audio_Speech_Actors_01-24/Actor_18/03-01-03-01-02-01-18.wav,18
18_31_03-01-08-02-02-01-18,3.8705416666666665,/home/caryzxy/datasets/Audio_Speech_Actors_01-24/Actor_18/03-01-08-02-02-01-18.wav,18
18_32_03-01-04-02-01-02-18,3.8371666666666666,/home/caryzxy/datasets/Audio_Speech_Actors_01-24/Actor_18/03-01-04-02-01-02-18.wav,18
18_33_03-01-03-02-02-01-18,3.7704375,/home/caryzxy/datasets/Audio_Speech_Actors_01-24/Actor_18/03-01-03-02-02-01-18.wav,18
18_34_03-01-07-01-01-02-18,4.07075,/home/caryzxy/datasets/Audio_Speech_Actors_01-24/Actor_18/03-01-07-01-01-02-18.wav,18
18_35_03-01-08-01-01-01-18,3.3700208333333332,/home/caryzxy/datasets/Audio_Speech_Actors_01-24/Actor_18/03-01-08-01-01-01-18.wav,18
18_36_03-01-07-01-02-01-18,3.6703333333333332,/home/caryzxy/datasets/Audio_Speech_Actors_01-24/Actor_18/03-01-07-01-02-01-18.wav,18
18_37_03-01-02-02-02-01-18,3.6035833333333334,/home/caryzxy/datasets/Audio_Speech_Actors_01-24/Actor_18/03-01-02-02-02-01-18.wav,18
18_38_03-01-02-01-02-01-18,3.636979166666667,/home/caryzxy/datasets/Audio_Speech_Actors_01-24/Actor_18/03-01-02-01-02-01-18.wav,18
18_39_03-01-04-01-01-01-18,3.5702291666666666,/home/caryzxy/datasets/Audio_Speech_Actors_01-24/Actor_18/03-01-04-01-01-01-18.wav,18
18_40_03-01-04-01-01-02-18,3.6369583333333333,/home/caryzxy/datasets/Audio_Speech_Actors_01-24/Actor_18/03-01-04-01-01-02-18.wav,18
18_41_03-01-04-02-02-01-18,4.137479166666667,/home/caryzxy/datasets/Audio_Speech_Actors_01-24/Actor_18/03-01-04-02-02-01-18.wav,18
19_0_03-01-08-02-01-01-19,4.104104166666667,/home/caryzxy/datasets/Audio_Speech_Actors_01-24/Actor_19/03-01-08-02-01-01-19.wav,19
19_1_03-01-08-02-02-01-19,3.2365833333333334,/home/caryzxy/datasets/Audio_Speech_Actors_01-24/Actor_19/03-01-08-02-02-01-19.wav,19
19_2_03-01-07-01-02-01-19,4.170833333333333,/home/caryzxy/datasets/Audio_Speech_Actors_01-24/Actor_19/03-01-07-01-02-01-19.wav,19
19_3_03-01-04-02-02-02-19,3.7370833333333335,/home/caryzxy/datasets/Audio_Speech_Actors_01-24/Actor_19/03-01-04-02-02-02-19.wav,19
19_4_03-01-05-02-01-02-19,4.804791666666667,/home/caryzxy/datasets/Audio_Speech_Actors_01-24/Actor_19/03-01-05-02-01-02-19.wav,19
19_5_03-01-01-01-02-02-19,3.3032916666666665,/home/caryzxy/datasets/Audio_Speech_Actors_01-24/Actor_19/03-01-01-01-02-02-19.wav,19
19_6_03-01-04-01-01-01-19,3.4367708333333336,/home/caryzxy/datasets/Audio_Speech_Actors_01-24/Actor_19/03-01-04-01-01-01-19.wav,19
19_7_03-01-08-01-01-02-19,3.5368541666666666,/home/caryzxy/datasets/Audio_Speech_Actors_01-24/Actor_19/03-01-08-01-01-02-19.wav,19
19_8_03-01-04-01-02-01-19,3.1698333333333335,/home/caryzxy/datasets/Audio_Speech_Actors_01-24/Actor_19/03-01-04-01-02-01-19.wav,19
19_9_03-01-06-02-02-01-19,3.5702291666666666,/home/caryzxy/datasets/Audio_Speech_Actors_01-24/Actor_19/03-01-06-02-02-01-19.wav,19
19_10_03-01-07-02-01-01-19,4.8048125,/home/caryzxy/datasets/Audio_Speech_Actors_01-24/Actor_19/03-01-07-02-01-01-19.wav,19
19_11_03-01-05-01-01-01-19,3.7704375,/home/caryzxy/datasets/Audio_Speech_Actors_01-24/Actor_19/03-01-05-01-01-01-19.wav,19
19_12_03-01-06-01-01-02-19,3.5035,/home/caryzxy/datasets/Audio_Speech_Actors_01-24/Actor_19/03-01-06-01-01-02-19.wav,19
19_13_03-01-04-02-01-01-19,4.004,/home/caryzxy/datasets/Audio_Speech_Actors_01-24/Actor_19/03-01-04-02-01-01-19.wav,19
19_14_03-01-02-02-02-02-19,4.304291666666667,/home/caryzxy/datasets/Audio_Speech_Actors_01-24/Actor_19/03-01-02-02-02-02-19.wav,19
19_15_03-01-08-02-01-02-19,4.637979166666667,/home/caryzxy/datasets/Audio_Speech_Actors_01-24/Actor_19/03-01-08-02-01-02-19.wav,19
19_16_03-01-07-02-01-02-19,5.2719375,/home/caryzxy/datasets/Audio_Speech_Actors_01-24/Actor_19/03-01-07-02-01-02-19.wav,19
19_17_03-01-04-01-01-02-19,3.6703333333333332,/home/caryzxy/datasets/Audio_Speech_Actors_01-24/Actor_19/03-01-04-01-01-02-19.wav,19
19_18_03-01-04-02-01-02-19,3.703708333333333,/home/caryzxy/datasets/Audio_Speech_Actors_01-24/Actor_19/03-01-04-02-01-02-19.wav,19
19_19_03-01-08-01-01-01-19,3.7370625,/home/caryzxy/datasets/Audio_Speech_Actors_01-24/Actor_19/03-01-08-01-01-01-19.wav,19
19_20_03-01-03-01-01-02-19,3.703708333333333,/home/caryzxy/datasets/Audio_Speech_Actors_01-24/Actor_19/03-01-03-01-01-02-19.wav,19
19_21_03-01-02-02-01-01-19,4.471145833333333,/home/caryzxy/datasets/Audio_Speech_Actors_01-24/Actor_19/03-01-02-02-01-01-19.wav,19
19_22_03-01-01-01-02-01-19,3.3366666666666664,/home/caryzxy/datasets/Audio_Speech_Actors_01-24/Actor_19/03-01-01-01-02-01-19.wav,19
19_23_03-01-06-01-02-02-19,3.536875,/home/caryzxy/datasets/Audio_Speech_Actors_01-24/Actor_19/03-01-06-01-02-02-19.wav,19
19_24_03-01-04-01-02-02-19,3.6703333333333332,/home/caryzxy/datasets/Audio_Speech_Actors_01-24/Actor_19/03-01-04-01-02-02-19.wav,19
19_25_03-01-03-02-01-01-19,3.7704375,/home/caryzxy/datasets/Audio_Speech_Actors_01-24/Actor_19/03-01-03-02-01-01-19.wav,19
19_26_03-01-08-01-02-02-19,3.06975,/home/caryzxy/datasets/Audio_Speech_Actors_01-24/Actor_19/03-01-08-01-02-02-19.wav,19
19_27_03-01-02-01-02-01-19,3.3366666666666664,/home/caryzxy/datasets/Audio_Speech_Actors_01-24/Actor_19/03-01-02-01-02-01-19.wav,19
19_28_03-01-03-01-01-01-19,3.6369583333333333,/home/caryzxy/datasets/Audio_Speech_Actors_01-24/Actor_19/03-01-03-01-01-01-19.wav,19
19_29_03-01-02-01-01-01-19,3.6703333333333332,/home/caryzxy/datasets/Audio_Speech_Actors_01-24/Actor_19/03-01-02-01-01-01-19.wav,19
19_30_03-01-06-01-01-01-19,3.7036875,/home/caryzxy/datasets/Audio_Speech_Actors_01-24/Actor_19/03-01-06-01-01-01-19.wav,19
19_31_03-01-06-02-02-02-19,4.037354166666667,/home/caryzxy/datasets/Audio_Speech_Actors_01-24/Actor_19/03-01-06-02-02-02-19.wav,19
19_32_03-01-08-01-02-01-19,4.1040833333333335,/home/caryzxy/datasets/Audio_Speech_Actors_01-24/Actor_19/03-01-08-01-02-01-19.wav,19
19_33_03-01-05-02-02-01-19,4.337666666666666,/home/caryzxy/datasets/Audio_Speech_Actors_01-24/Actor_19/03-01-05-02-02-01-19.wav,19
19_34_03-01-05-01-02-01-19,3.3033125,/home/caryzxy/datasets/Audio_Speech_Actors_01-24/Actor_19/03-01-05-01-02-01-19.wav,19
19_35_03-01-07-01-02-02-19,3.9372708333333333,/home/caryzxy/datasets/Audio_Speech_Actors_01-24/Actor_19/03-01-07-01-02-02-19.wav,19
19_36_03-01-03-02-01-02-19,3.8037916666666667,/home/caryzxy/datasets/Audio_Speech_Actors_01-24/Actor_19/03-01-03-02-01-02-19.wav,19
19_37_03-01-05-02-01-01-19,3.970645833333333,/home/caryzxy/datasets/Audio_Speech_Actors_01-24/Actor_19/03-01-05-02-01-01-19.wav,19
19_38_03-01-03-02-02-01-19,4.404395833333333,/home/caryzxy/datasets/Audio_Speech_Actors_01-24/Actor_19/03-01-03-02-02-01-19.wav,19
19_39_03-01-05-01-02-02-19,3.5702291666666666,/home/caryzxy/datasets/Audio_Speech_Actors_01-24/Actor_19/03-01-05-01-02-02-19.wav,19
19_40_03-01-02-02-01-02-19,4.037375,/home/caryzxy/datasets/Audio_Speech_Actors_01-24/Actor_19/03-01-02-02-01-02-19.wav,19
19_41_03-01-06-02-01-02-19,4.371020833333334,/home/caryzxy/datasets/Audio_Speech_Actors_01-24/Actor_19/03-01-06-02-01-02-19.wav,19
20_0_03-01-04-02-02-02-20,3.970625,/home/caryzxy/datasets/Audio_Speech_Actors_01-24/Actor_20/03-01-04-02-02-02-20.wav,20
20_1_03-01-06-02-01-01-20,4.2375625,/home/caryzxy/datasets/Audio_Speech_Actors_01-24/Actor_20/03-01-06-02-01-01-20.wav,20
20_2_03-01-04-02-01-02-20,4.2375625,/home/caryzxy/datasets/Audio_Speech_Actors_01-24/Actor_20/03-01-04-02-01-02-20.wav,20
20_3_03-01-07-02-02-02-20,3.8705208333333334,/home/caryzxy/datasets/Audio_Speech_Actors_01-24/Actor_20/03-01-07-02-02-02-20.wav,20
20_4_03-01-03-02-02-01-20,3.57025,/home/caryzxy/datasets/Audio_Speech_Actors_01-24/Actor_20/03-01-03-02-02-01-20.wav,20
20_5_03-01-08-01-01-02-20,3.57025,/home/caryzxy/datasets/Audio_Speech_Actors_01-24/Actor_20/03-01-08-01-01-02-20.wav,20
20_6_03-01-02-01-01-02-20,3.5702291666666666,/home/caryzxy/datasets/Audio_Speech_Actors_01-24/Actor_20/03-01-02-01-01-02-20.wav,20
20_7_03-01-01-01-02-02-20,3.536875,/home/caryzxy/datasets/Audio_Speech_Actors_01-24/Actor_20/03-01-01-01-02-02-20.wav,20
20_8_03-01-01-01-01-02-20,3.5702291666666666,/home/caryzxy/datasets/Audio_Speech_Actors_01-24/Actor_20/03-01-01-01-01-02-20.wav,20
20_9_03-01-07-01-02-01-20,3.6369583333333333,/home/caryzxy/datasets/Audio_Speech_Actors_01-24/Actor_20/03-01-07-01-02-01-20.wav,20
20_10_03-01-04-01-02-01-20,3.470125,/home/caryzxy/datasets/Audio_Speech_Actors_01-24/Actor_20/03-01-04-01-02-01-20.wav,20
20_11_03-01-02-01-02-02-20,3.5035,/home/caryzxy/datasets/Audio_Speech_Actors_01-24/Actor_20/03-01-02-01-02-02-20.wav,20
20_12_03-01-03-02-01-01-20,3.6703333333333332,/home/caryzxy/datasets/Audio_Speech_Actors_01-24/Actor_20/03-01-03-02-01-01-20.wav,20
20_13_03-01-02-02-02-02-20,3.636979166666667,/home/caryzxy/datasets/Audio_Speech_Actors_01-24/Actor_20/03-01-02-02-02-02-20.wav,20
20_14_03-01-06-01-02-02-20,3.3032916666666665,/home/caryzxy/datasets/Audio_Speech_Actors_01-24/Actor_20/03-01-06-01-02-02-20.wav,20
20_15_03-01-03-02-01-02-20,4.304291666666667,/home/caryzxy/datasets/Audio_Speech_Actors_01-24/Actor_20/03-01-03-02-01-02-20.wav,20
20_16_03-01-07-02-02-01-20,4.7380625,/home/caryzxy/datasets/Audio_Speech_Actors_01-24/Actor_20/03-01-07-02-02-01-20.wav,20
20_17_03-01-05-02-02-02-20,3.5368541666666666,/home/caryzxy/datasets/Audio_Speech_Actors_01-24/Actor_20/03-01-05-02-02-02-20.wav,20
20_18_03-01-06-02-02-02-20,3.9039166666666665,/home/caryzxy/datasets/Audio_Speech_Actors_01-24/Actor_20/03-01-06-02-02-02-20.wav,20
20_19_03-01-08-02-01-01-20,3.7370625,/home/caryzxy/datasets/Audio_Speech_Actors_01-24/Actor_20/03-01-08-02-01-01-20.wav,20
20_20_03-01-03-02-02-02-20,3.703708333333333,/home/caryzxy/datasets/Audio_Speech_Actors_01-24/Actor_20/03-01-03-02-02-02-20.wav,20
20_21_03-01-02-02-02-01-20,3.6369583333333333,/home/caryzxy/datasets/Audio_Speech_Actors_01-24/Actor_20/03-01-02-02-02-01-20.wav,20
20_22_03-01-06-01-01-02-20,4.371020833333334,/home/caryzxy/datasets/Audio_Speech_Actors_01-24/Actor_20/03-01-06-01-01-02-20.wav,20
20_23_03-01-08-01-02-01-20,3.1364791666666667,/home/caryzxy/datasets/Audio_Speech_Actors_01-24/Actor_20/03-01-08-01-02-01-20.wav,20
20_24_03-01-06-01-02-01-20,3.9372708333333333,/home/caryzxy/datasets/Audio_Speech_Actors_01-24/Actor_20/03-01-06-01-02-01-20.wav,20
20_25_03-01-05-02-01-02-20,4.070729166666666,/home/caryzxy/datasets/Audio_Speech_Actors_01-24/Actor_20/03-01-05-02-01-02-20.wav,20
20_26_03-01-07-01-02-02-20,3.8371666666666666,/home/caryzxy/datasets/Audio_Speech_Actors_01-24/Actor_20/03-01-07-01-02-02-20.wav,20
20_27_03-01-03-01-01-02-20,3.7036875,/home/caryzxy/datasets/Audio_Speech_Actors_01-24/Actor_20/03-01-03-01-01-02-20.wav,20
20_28_03-01-02-01-01-01-20,3.6369583333333333,/home/caryzxy/datasets/Audio_Speech_Actors_01-24/Actor_20/03-01-02-01-01-01-20.wav,20
20_29_03-01-04-01-02-02-20,3.370041666666667,/home/caryzxy/datasets/Audio_Speech_Actors_01-24/Actor_20/03-01-04-01-02-02-20.wav,20
20_30_03-01-01-01-01-01-20,3.470125,/home/caryzxy/datasets/Audio_Speech_Actors_01-24/Actor_20/03-01-01-01-01-01-20.wav,20
20_31_03-01-08-02-02-02-20,3.4367708333333336,/home/caryzxy/datasets/Audio_Speech_Actors_01-24/Actor_20/03-01-08-02-02-02-20.wav,20
20_32_03-01-05-02-02-01-20,4.404416666666667,/home/caryzxy/datasets/Audio_Speech_Actors_01-24/Actor_20/03-01-05-02-02-01-20.wav,20
20_33_03-01-05-01-01-01-20,3.2365833333333334,/home/caryzxy/datasets/Audio_Speech_Actors_01-24/Actor_20/03-01-05-01-01-01-20.wav,20
20_34_03-01-02-01-02-01-20,3.3366666666666664,/home/caryzxy/datasets/Audio_Speech_Actors_01-24/Actor_20/03-01-02-01-02-01-20.wav,20
20_35_03-01-04-01-01-02-20,3.5035,/home/caryzxy/datasets/Audio_Speech_Actors_01-24/Actor_20/03-01-04-01-01-02-20.wav,20
20_36_03-01-05-02-01-01-20,4.137479166666667,/home/caryzxy/datasets/Audio_Speech_Actors_01-24/Actor_20/03-01-05-02-01-01-20.wav,20
20_37_03-01-02-02-01-01-20,3.8705416666666665,/home/caryzxy/datasets/Audio_Speech_Actors_01-24/Actor_20/03-01-02-02-01-01-20.wav,20
20_38_03-01-07-02-01-01-20,4.104104166666667,/home/caryzxy/datasets/Audio_Speech_Actors_01-24/Actor_20/03-01-07-02-01-01-20.wav,20
20_39_03-01-05-01-02-02-20,3.8037916666666667,/home/caryzxy/datasets/Audio_Speech_Actors_01-24/Actor_20/03-01-05-01-02-02-20.wav,20
20_40_03-01-02-02-01-02-20,4.07075,/home/caryzxy/datasets/Audio_Speech_Actors_01-24/Actor_20/03-01-02-02-01-02-20.wav,20
20_41_03-01-06-02-01-02-20,4.170833333333333,/home/caryzxy/datasets/Audio_Speech_Actors_01-24/Actor_20/03-01-06-02-01-02-20.wav,20
21_0_03-01-03-01-01-02-21,3.8037916666666667,/home/caryzxy/datasets/Audio_Speech_Actors_01-24/Actor_21/03-01-03-01-01-02-21.wav,21
21_1_03-01-05-02-01-01-21,4.371041666666667,/home/caryzxy/datasets/Audio_Speech_Actors_01-24/Actor_21/03-01-05-02-01-01-21.wav,21
21_2_03-01-04-01-01-02-21,4.604604166666666,/home/caryzxy/datasets/Audio_Speech_Actors_01-24/Actor_21/03-01-04-01-01-02-21.wav,21
21_3_03-01-07-01-02-01-21,3.636979166666667,/home/caryzxy/datasets/Audio_Speech_Actors_01-24/Actor_21/03-01-07-01-02-01-21.wav,21
21_4_03-01-07-02-01-02-21,4.037354166666667,/home/caryzxy/datasets/Audio_Speech_Actors_01-24/Actor_21/03-01-07-02-01-02-21.wav,21
21_5_03-01-05-01-02-01-21,4.070729166666666,/home/caryzxy/datasets/Audio_Speech_Actors_01-24/Actor_21/03-01-05-01-02-01-21.wav,21
21_6_03-01-03-01-01-01-21,3.8371666666666666,/home/caryzxy/datasets/Audio_Speech_Actors_01-24/Actor_21/03-01-03-01-01-01-21.wav,21
21_7_03-01-07-02-02-01-21,4.170833333333333,/home/caryzxy/datasets/Audio_Speech_Actors_01-24/Actor_21/03-01-07-02-02-01-21.wav,21
21_8_03-01-05-02-02-01-21,4.1040833333333335,/home/caryzxy/datasets/Audio_Speech_Actors_01-24/Actor_21/03-01-05-02-02-01-21.wav,21
21_9_03-01-08-01-02-01-21,3.4701458333333335,/home/caryzxy/datasets/Audio_Speech_Actors_01-24/Actor_21/03-01-08-01-02-01-21.wav,21
21_10_03-01-05-02-02-02-21,4.2375625,/home/caryzxy/datasets/Audio_Speech_Actors_01-24/Actor_21/03-01-05-02-02-02-21.wav,21
21_11_03-01-06-02-02-01-21,3.7704375,/home/caryzxy/datasets/Audio_Speech_Actors_01-24/Actor_21/03-01-06-02-02-01-21.wav,21
21_12_03-01-08-01-01-02-21,3.470125,/home/caryzxy/datasets/Audio_Speech_Actors_01-24/Actor_21/03-01-08-01-01-02-21.wav,21
21_13_03-01-03-02-01-01-21,3.8037916666666667,/home/caryzxy/datasets/Audio_Speech_Actors_01-24/Actor_21/03-01-03-02-01-01-21.wav,21
21_14_03-01-06-01-02-01-21,3.970625,/home/caryzxy/datasets/Audio_Speech_Actors_01-24/Actor_21/03-01-06-01-02-01-21.wav,21
21_15_03-01-08-02-01-02-21,3.636979166666667,/home/caryzxy/datasets/Audio_Speech_Actors_01-24/Actor_21/03-01-08-02-01-02-21.wav,21
21_16_03-01-06-01-02-02-21,4.070729166666666,/home/caryzxy/datasets/Audio_Speech_Actors_01-24/Actor_21/03-01-06-01-02-02-21.wav,21
21_17_03-01-03-02-01-02-21,3.9372708333333333,/home/caryzxy/datasets/Audio_Speech_Actors_01-24/Actor_21/03-01-03-02-01-02-21.wav,21
21_18_03-01-06-02-01-02-21,3.8371666666666666,/home/caryzxy/datasets/Audio_Speech_Actors_01-24/Actor_21/03-01-06-02-01-02-21.wav,21
21_19_03-01-07-02-02-02-21,3.970625,/home/caryzxy/datasets/Audio_Speech_Actors_01-24/Actor_21/03-01-07-02-02-02-21.wav,21
21_20_03-01-01-01-01-01-21,3.8371666666666666,/home/caryzxy/datasets/Audio_Speech_Actors_01-24/Actor_21/03-01-01-01-01-01-21.wav,21
21_21_03-01-06-02-02-02-21,3.6369583333333333,/home/caryzxy/datasets/Audio_Speech_Actors_01-24/Actor_21/03-01-06-02-02-02-21.wav,21
21_22_03-01-04-02-01-02-21,4.2709166666666665,/home/caryzxy/datasets/Audio_Speech_Actors_01-24/Actor_21/03-01-04-02-01-02-21.wav,21
21_23_03-01-02-02-01-01-21,4.004,/home/caryzxy/datasets/Audio_Speech_Actors_01-24/Actor_21/03-01-02-02-01-01-21.wav,21
21_24_03-01-07-01-02-02-21,3.6036041666666665,/home/caryzxy/datasets/Audio_Speech_Actors_01-24/Actor_21/03-01-07-01-02-02-21.wav,21
21_25_03-01-03-01-02-01-21,3.703708333333333,/home/caryzxy/datasets/Audio_Speech_Actors_01-24/Actor_21/03-01-03-01-02-01-21.wav,21
21_26_03-01-02-01-02-02-21,4.070729166666666,/home/caryzxy/datasets/Audio_Speech_Actors_01-24/Actor_21/03-01-02-01-02-02-21.wav,21
21_27_03-01-02-01-01-01-21,4.037375,/home/caryzxy/datasets/Audio_Speech_Actors_01-24/Actor_21/03-01-02-01-01-01-21.wav,21
21_28_03-01-08-01-02-02-21,3.5702291666666666,/home/caryzxy/datasets/Audio_Speech_Actors_01-24/Actor_21/03-01-08-01-02-02-21.wav,21
21_29_03-01-05-01-01-02-21,4.004,/home/caryzxy/datasets/Audio_Speech_Actors_01-24/Actor_21/03-01-05-01-01-02-21.wav,21
21_30_03-01-05-01-02-02-21,3.9372708333333333,/home/caryzxy/datasets/Audio_Speech_Actors_01-24/Actor_21/03-01-05-01-02-02-21.wav,21
21_31_03-01-08-02-01-01-21,3.6369583333333333,/home/caryzxy/datasets/Audio_Speech_Actors_01-24/Actor_21/03-01-08-02-01-01-21.wav,21
21_32_03-01-04-02-01-01-21,4.170833333333333,/home/caryzxy/datasets/Audio_Speech_Actors_01-24/Actor_21/03-01-04-02-01-01-21.wav,21
21_33_03-01-02-01-01-02-21,4.004,/home/caryzxy/datasets/Audio_Speech_Actors_01-24/Actor_21/03-01-02-01-01-02-21.wav,21
21_34_03-01-06-01-01-02-21,3.7704166666666667,/home/caryzxy/datasets/Audio_Speech_Actors_01-24/Actor_21/03-01-06-01-01-02-21.wav,21
21_35_03-01-08-01-01-01-21,3.5035,/home/caryzxy/datasets/Audio_Speech_Actors_01-24/Actor_21/03-01-08-01-01-01-21.wav,21
21_36_03-01-02-02-02-02-21,3.970625,/home/caryzxy/datasets/Audio_Speech_Actors_01-24/Actor_21/03-01-02-02-02-02-21.wav,21
21_37_03-01-06-01-01-01-21,3.6703333333333332,/home/caryzxy/datasets/Audio_Speech_Actors_01-24/Actor_21/03-01-06-01-01-01-21.wav,21
21_38_03-01-04-02-02-01-21,4.2709375,/home/caryzxy/datasets/Audio_Speech_Actors_01-24/Actor_21/03-01-04-02-02-01-21.wav,21
21_39_03-01-05-02-01-02-21,4.471125,/home/caryzxy/datasets/Audio_Speech_Actors_01-24/Actor_21/03-01-05-02-01-02-21.wav,21
21_40_03-01-03-01-02-02-21,3.8371666666666666,/home/caryzxy/datasets/Audio_Speech_Actors_01-24/Actor_21/03-01-03-01-02-02-21.wav,21
21_41_03-01-02-02-01-02-21,4.170833333333333,/home/caryzxy/datasets/Audio_Speech_Actors_01-24/Actor_21/03-01-02-02-01-02-21.wav,21
22_0_03-01-04-02-02-02-22,3.8371666666666666,/home/caryzxy/datasets/Audio_Speech_Actors_01-24/Actor_22/03-01-04-02-02-02-22.wav,22
22_1_03-01-04-01-01-02-22,3.703708333333333,/home/caryzxy/datasets/Audio_Speech_Actors_01-24/Actor_22/03-01-04-01-01-02-22.wav,22
22_2_03-01-05-01-01-02-22,3.7370625,/home/caryzxy/datasets/Audio_Speech_Actors_01-24/Actor_22/03-01-05-01-01-02-22.wav,22
22_3_03-01-08-01-01-02-22,3.5702291666666666,/home/caryzxy/datasets/Audio_Speech_Actors_01-24/Actor_22/03-01-08-01-01-02-22.wav,22
22_4_03-01-06-01-02-02-22,3.536875,/home/caryzxy/datasets/Audio_Speech_Actors_01-24/Actor_22/03-01-06-01-02-02-22.wav,22
22_5_03-01-08-02-02-02-22,3.6369583333333333,/home/caryzxy/datasets/Audio_Speech_Actors_01-24/Actor_22/03-01-08-02-02-02-22.wav,22
22_6_03-01-07-01-02-02-22,3.8371666666666666,/home/caryzxy/datasets/Audio_Speech_Actors_01-24/Actor_22/03-01-07-01-02-02-22.wav,22
22_7_03-01-05-02-02-02-22,4.204208333333334,/home/caryzxy/datasets/Audio_Speech_Actors_01-24/Actor_22/03-01-05-02-02-02-22.wav,22
22_8_03-01-05-01-01-01-22,3.703708333333333,/home/caryzxy/datasets/Audio_Speech_Actors_01-24/Actor_22/03-01-05-01-01-01-22.wav,22
22_9_03-01-07-02-02-01-22,4.204208333333334,/home/caryzxy/datasets/Audio_Speech_Actors_01-24/Actor_22/03-01-07-02-02-01-22.wav,22
22_10_03-01-07-01-02-01-22,3.8037916666666667,/home/caryzxy/datasets/Audio_Speech_Actors_01-24/Actor_22/03-01-07-01-02-01-22.wav,22
22_11_03-01-02-01-02-02-22,3.536875,/home/caryzxy/datasets/Audio_Speech_Actors_01-24/Actor_22/03-01-02-01-02-02-22.wav,22
22_12_03-01-07-02-01-01-22,4.2375625,/home/caryzxy/datasets/Audio_Speech_Actors_01-24/Actor_22/03-01-07-02-01-01-22.wav,22
22_13_03-01-05-01-02-01-22,3.8705208333333334,/home/caryzxy/datasets/Audio_Speech_Actors_01-24/Actor_22/03-01-05-01-02-01-22.wav,22
22_14_03-01-04-01-01-01-22,3.6036041666666665,/home/caryzxy/datasets/Audio_Speech_Actors_01-24/Actor_22/03-01-04-01-01-01-22.wav,22
22_15_03-01-05-02-02-01-22,4.237583333333333,/home/caryzxy/datasets/Audio_Speech_Actors_01-24/Actor_22/03-01-05-02-02-01-22.wav,22
22_16_03-01-04-02-02-01-22,3.7370833333333335,/home/caryzxy/datasets/Audio_Speech_Actors_01-24/Actor_22/03-01-04-02-02-01-22.wav,22
22_17_03-01-08-02-02-01-22,3.703708333333333,/home/caryzxy/datasets/Audio_Speech_Actors_01-24/Actor_22/03-01-08-02-02-01-22.wav,22
22_18_03-01-05-02-01-02-22,3.9038958333333333,/home/caryzxy/datasets/Audio_Speech_Actors_01-24/Actor_22/03-01-05-02-01-02-22.wav,22
22_19_03-01-02-01-01-02-22,3.5702291666666666,/home/caryzxy/datasets/Audio_Speech_Actors_01-24/Actor_22/03-01-02-01-01-02-22.wav,22
22_20_03-01-03-01-01-02-22,3.4367708333333336,/home/caryzxy/datasets/Audio_Speech_Actors_01-24/Actor_22/03-01-03-01-01-02-22.wav,22
22_21_03-01-02-02-02-01-22,3.6369583333333333,/home/caryzxy/datasets/Audio_Speech_Actors_01-24/Actor_22/03-01-02-02-02-01-22.wav,22
22_22_03-01-02-02-01-02-22,3.8371666666666666,/home/caryzxy/datasets/Audio_Speech_Actors_01-24/Actor_22/03-01-02-02-01-02-22.wav,22
22_23_03-01-05-02-01-01-22,3.8705416666666665,/home/caryzxy/datasets/Audio_Speech_Actors_01-24/Actor_22/03-01-05-02-01-01-22.wav,22
22_24_03-01-02-01-01-01-22,3.5368541666666666,/home/caryzxy/datasets/Audio_Speech_Actors_01-24/Actor_22/03-01-02-01-01-01-22.wav,22
22_25_03-01-04-01-02-02-22,3.703708333333333,/home/caryzxy/datasets/Audio_Speech_Actors_01-24/Actor_22/03-01-04-01-02-02-22.wav,22
22_26_03-01-02-02-02-02-22,3.7704375,/home/caryzxy/datasets/Audio_Speech_Actors_01-24/Actor_22/03-01-02-02-02-02-22.wav,22
22_27_03-01-06-02-01-02-22,3.5702291666666666,/home/caryzxy/datasets/Audio_Speech_Actors_01-24/Actor_22/03-01-06-02-01-02-22.wav,22
22_28_03-01-07-02-02-02-22,4.1040833333333335,/home/caryzxy/datasets/Audio_Speech_Actors_01-24/Actor_22/03-01-07-02-02-02-22.wav,22
22_29_03-01-06-01-01-02-22,3.6036041666666665,/home/caryzxy/datasets/Audio_Speech_Actors_01-24/Actor_22/03-01-06-01-01-02-22.wav,22
22_30_03-01-07-02-01-02-22,4.170833333333333,/home/caryzxy/datasets/Audio_Speech_Actors_01-24/Actor_22/03-01-07-02-01-02-22.wav,22
22_31_03-01-03-02-02-02-22,3.9372708333333333,/home/caryzxy/datasets/Audio_Speech_Actors_01-24/Actor_22/03-01-03-02-02-02-22.wav,22
22_32_03-01-01-01-02-01-22,3.6035833333333334,/home/caryzxy/datasets/Audio_Speech_Actors_01-24/Actor_22/03-01-01-01-02-01-22.wav,22
22_33_03-01-02-01-02-01-22,3.5702291666666666,/home/caryzxy/datasets/Audio_Speech_Actors_01-24/Actor_22/03-01-02-01-02-01-22.wav,22
22_34_03-01-02-02-01-01-22,3.703708333333333,/home/caryzxy/datasets/Audio_Speech_Actors_01-24/Actor_22/03-01-02-02-01-01-22.wav,22
22_35_03-01-03-02-01-01-22,3.7370833333333335,/home/caryzxy/datasets/Audio_Speech_Actors_01-24/Actor_22/03-01-03-02-01-01-22.wav,22
22_36_03-01-03-01-01-01-22,3.536875,/home/caryzxy/datasets/Audio_Speech_Actors_01-24/Actor_22/03-01-03-01-01-01-22.wav,22
22_37_03-01-06-02-01-01-22,3.5702291666666666,/home/caryzxy/datasets/Audio_Speech_Actors_01-24/Actor_22/03-01-06-02-01-01-22.wav,22
22_38_03-01-08-02-01-01-22,3.5702291666666666,/home/caryzxy/datasets/Audio_Speech_Actors_01-24/Actor_22/03-01-08-02-01-01-22.wav,22
22_39_03-01-07-01-01-02-22,3.9038958333333333,/home/caryzxy/datasets/Audio_Speech_Actors_01-24/Actor_22/03-01-07-01-01-02-22.wav,22
22_40_03-01-03-01-02-01-22,3.5035,/home/caryzxy/datasets/Audio_Speech_Actors_01-24/Actor_22/03-01-03-01-02-01-22.wav,22
22_41_03-01-08-01-01-01-22,3.536875,/home/caryzxy/datasets/Audio_Speech_Actors_01-24/Actor_22/03-01-08-01-01-01-22.wav,22
23_0_03-01-02-02-01-01-23,4.604604166666666,/home/caryzxy/datasets/Audio_Speech_Actors_01-24/Actor_23/03-01-02-02-01-01-23.wav,23
23_1_03-01-07-01-02-01-23,3.470125,/home/caryzxy/datasets/Audio_Speech_Actors_01-24/Actor_23/03-01-07-01-02-01-23.wav,23
23_2_03-01-07-01-01-02-23,3.5702291666666666,/home/caryzxy/datasets/Audio_Speech_Actors_01-24/Actor_23/03-01-07-01-01-02-23.wav,23
23_3_03-01-03-02-02-01-23,3.2365625,/home/caryzxy/datasets/Audio_Speech_Actors_01-24/Actor_23/03-01-03-02-02-01-23.wav,23
23_4_03-01-01-01-02-01-23,3.6703333333333332,/home/caryzxy/datasets/Audio_Speech_Actors_01-24/Actor_23/03-01-01-01-02-01-23.wav,23
23_5_03-01-08-02-02-02-23,3.3032916666666665,/home/caryzxy/datasets/Audio_Speech_Actors_01-24/Actor_23/03-01-08-02-02-02-23.wav,23
23_6_03-01-08-02-01-01-23,3.5035,/home/caryzxy/datasets/Audio_Speech_Actors_01-24/Actor_23/03-01-08-02-01-01-23.wav,23
23_7_03-01-05-02-01-01-23,3.403395833333333,/home/caryzxy/datasets/Audio_Speech_Actors_01-24/Actor_23/03-01-05-02-01-01-23.wav,23
23_8_03-01-07-02-01-02-23,3.8705208333333334,/home/caryzxy/datasets/Audio_Speech_Actors_01-24/Actor_23/03-01-07-02-01-02-23.wav,23
23_9_03-01-04-02-02-02-23,4.7380625,/home/caryzxy/datasets/Audio_Speech_Actors_01-24/Actor_23/03-01-04-02-02-02-23.wav,23
23_10_03-01-07-02-01-01-23,4.070729166666666,/home/caryzxy/datasets/Audio_Speech_Actors_01-24/Actor_23/03-01-07-02-01-01-23.wav,23
23_11_03-01-05-01-01-01-23,3.3033125,/home/caryzxy/datasets/Audio_Speech_Actors_01-24/Actor_23/03-01-05-01-01-01-23.wav,23
23_12_03-01-02-02-02-01-23,4.104104166666667,/home/caryzxy/datasets/Audio_Speech_Actors_01-24/Actor_23/03-01-02-02-02-01-23.wav,23
23_13_03-01-06-02-02-01-23,3.57025,/home/caryzxy/datasets/Audio_Speech_Actors_01-24/Actor_23/03-01-06-02-02-01-23.wav,23
23_14_03-01-05-02-01-02-23,3.3366666666666664,/home/caryzxy/datasets/Audio_Speech_Actors_01-24/Actor_23/03-01-05-02-01-02-23.wav,23
23_15_03-01-04-01-01-02-23,3.8705416666666665,/home/caryzxy/datasets/Audio_Speech_Actors_01-24/Actor_23/03-01-04-01-01-02-23.wav,23
23_16_03-01-03-01-01-02-23,3.2699375,/home/caryzxy/datasets/Audio_Speech_Actors_01-24/Actor_23/03-01-03-01-01-02-23.wav,23
23_17_03-01-04-01-02-01-23,3.5702291666666666,/home/caryzxy/datasets/Audio_Speech_Actors_01-24/Actor_23/03-01-04-01-02-01-23.wav,23
23_18_03-01-02-02-02-02-23,4.571229166666667,/home/caryzxy/datasets/Audio_Speech_Actors_01-24/Actor_23/03-01-02-02-02-02-23.wav,23
23_19_03-01-06-01-01-01-23,3.4367708333333336,/home/caryzxy/datasets/Audio_Speech_Actors_01-24/Actor_23/03-01-06-01-01-01-23.wav,23
23_20_03-01-03-01-01-01-23,3.3366666666666664,/home/caryzxy/datasets/Audio_Speech_Actors_01-24/Actor_23/03-01-03-01-01-01-23.wav,23
23_21_03-01-07-01-01-01-23,3.5702291666666666,/home/caryzxy/datasets/Audio_Speech_Actors_01-24/Actor_23/03-01-07-01-01-01-23.wav,23
23_22_03-01-03-02-01-02-23,3.2031875,/home/caryzxy/datasets/Audio_Speech_Actors_01-24/Actor_23/03-01-03-02-01-02-23.wav,23
23_23_03-01-05-01-02-02-23,3.3366666666666664,/home/caryzxy/datasets/Audio_Speech_Actors_01-24/Actor_23/03-01-05-01-02-02-23.wav,23
23_24_03-01-08-02-01-02-23,3.3700208333333332,/home/caryzxy/datasets/Audio_Speech_Actors_01-24/Actor_23/03-01-08-02-01-02-23.wav,23
23_25_03-01-01-01-02-02-23,3.8371666666666666,/home/caryzxy/datasets/Audio_Speech_Actors_01-24/Actor_23/03-01-01-01-02-02-23.wav,23
23_26_03-01-03-01-02-02-23,3.2699375,/home/caryzxy/datasets/Audio_Speech_Actors_01-24/Actor_23/03-01-03-01-02-02-23.wav,23
23_27_03-01-02-02-01-02-23,4.604583333333333,/home/caryzxy/datasets/Audio_Speech_Actors_01-24/Actor_23/03-01-02-02-01-02-23.wav,23
23_28_03-01-08-01-02-01-23,3.3032916666666665,/home/caryzxy/datasets/Audio_Speech_Actors_01-24/Actor_23/03-01-08-01-02-01-23.wav,23
23_29_03-01-06-01-02-02-23,3.1031041666666668,/home/caryzxy/datasets/Audio_Speech_Actors_01-24/Actor_23/03-01-06-01-02-02-23.wav,23
23_30_03-01-06-01-02-01-23,3.136458333333333,/home/caryzxy/datasets/Audio_Speech_Actors_01-24/Actor_23/03-01-06-01-02-01-23.wav,23
23_31_03-01-08-01-01-02-23,3.2365625,/home/caryzxy/datasets/Audio_Speech_Actors_01-24/Actor_23/03-01-08-01-01-02-23.wav,23
23_32_03-01-04-02-02-01-23,3.9372708333333333,/home/caryzxy/datasets/Audio_Speech_Actors_01-24/Actor_23/03-01-04-02-02-01-23.wav,23
23_33_03-01-03-02-02-02-23,3.2365625,/home/caryzxy/datasets/Audio_Speech_Actors_01-24/Actor_23/03-01-03-02-02-02-23.wav,23
23_34_03-01-08-01-01-01-23,3.2699375,/home/caryzxy/datasets/Audio_Speech_Actors_01-24/Actor_23/03-01-08-01-01-01-23.wav,23
23_35_03-01-02-01-01-01-23,3.970625,/home/caryzxy/datasets/Audio_Speech_Actors_01-24/Actor_23/03-01-02-01-01-01-23.wav,23
23_36_03-01-06-02-01-02-23,3.4367708333333336,/home/caryzxy/datasets/Audio_Speech_Actors_01-24/Actor_23/03-01-06-02-01-02-23.wav,23
23_37_03-01-04-01-01-01-23,3.6036041666666665,/home/caryzxy/datasets/Audio_Speech_Actors_01-24/Actor_23/03-01-04-01-01-01-23.wav,23
23_38_03-01-05-02-02-02-23,3.3032916666666665,/home/caryzxy/datasets/Audio_Speech_Actors_01-24/Actor_23/03-01-05-02-02-02-23.wav,23
23_39_03-01-01-01-01-02-23,3.7370625,/home/caryzxy/datasets/Audio_Speech_Actors_01-24/Actor_23/03-01-01-01-01-02-23.wav,23
23_40_03-01-05-01-02-01-23,3.2699375,/home/caryzxy/datasets/Audio_Speech_Actors_01-24/Actor_23/03-01-05-01-02-01-23.wav,23
23_41_03-01-03-01-02-01-23,3.2365625,/home/caryzxy/datasets/Audio_Speech_Actors_01-24/Actor_23/03-01-03-01-02-01-23.wav,23
24_0_03-01-05-01-02-01-24,3.6703333333333332,/home/caryzxy/datasets/Audio_Speech_Actors_01-24/Actor_24/03-01-05-01-02-01-24.wav,24
24_1_03-01-05-01-01-01-24,4.104104166666667,/home/caryzxy/datasets/Audio_Speech_Actors_01-24/Actor_24/03-01-05-01-01-01-24.wav,24
24_2_03-01-03-02-01-01-24,4.004,/home/caryzxy/datasets/Audio_Speech_Actors_01-24/Actor_24/03-01-03-02-01-01-24.wav,24
24_3_03-01-07-01-01-02-24,4.104104166666667,/home/caryzxy/datasets/Audio_Speech_Actors_01-24/Actor_24/03-01-07-01-01-02-24.wav,24
24_4_03-01-02-02-02-02-24,4.104104166666667,/home/caryzxy/datasets/Audio_Speech_Actors_01-24/Actor_24/03-01-02-02-02-02-24.wav,24
24_5_03-01-03-01-02-01-24,3.5035,/home/caryzxy/datasets/Audio_Speech_Actors_01-24/Actor_24/03-01-03-01-02-01-24.wav,24
24_6_03-01-05-01-02-02-24,4.2041875,/home/caryzxy/datasets/Audio_Speech_Actors_01-24/Actor_24/03-01-05-01-02-02-24.wav,24
24_7_03-01-02-02-01-02-24,4.070729166666666,/home/caryzxy/datasets/Audio_Speech_Actors_01-24/Actor_24/03-01-02-02-01-02-24.wav,24
24_8_03-01-06-01-01-02-24,4.070729166666666,/home/caryzxy/datasets/Audio_Speech_Actors_01-24/Actor_24/03-01-06-01-01-02-24.wav,24
24_9_03-01-05-02-02-02-24,5.105104166666667,/home/caryzxy/datasets/Audio_Speech_Actors_01-24/Actor_24/03-01-05-02-02-02-24.wav,24
24_10_03-01-07-01-02-02-24,4.070729166666666,/home/caryzxy/datasets/Audio_Speech_Actors_01-24/Actor_24/03-01-07-01-02-02-24.wav,24
24_11_03-01-01-01-02-01-24,3.636979166666667,/home/caryzxy/datasets/Audio_Speech_Actors_01-24/Actor_24/03-01-01-01-02-01-24.wav,24
24_12_03-01-06-01-01-01-24,4.104104166666667,/home/caryzxy/datasets/Audio_Speech_Actors_01-24/Actor_24/03-01-06-01-01-01-24.wav,24
24_13_03-01-07-02-01-02-24,4.637958333333334,/home/caryzxy/datasets/Audio_Speech_Actors_01-24/Actor_24/03-01-07-02-01-02-24.wav,24
24_14_03-01-06-01-02-02-24,4.004,/home/caryzxy/datasets/Audio_Speech_Actors_01-24/Actor_24/03-01-06-01-02-02-24.wav,24
24_15_03-01-07-01-01-01-24,4.304291666666667,/home/caryzxy/datasets/Audio_Speech_Actors_01-24/Actor_24/03-01-07-01-01-01-24.wav,24
24_16_03-01-04-01-01-01-24,4.104104166666667,/home/caryzxy/datasets/Audio_Speech_Actors_01-24/Actor_24/03-01-04-01-01-01-24.wav,24
24_17_03-01-07-02-01-01-24,4.337666666666666,/home/caryzxy/datasets/Audio_Speech_Actors_01-24/Actor_24/03-01-07-02-01-01-24.wav,24
24_18_03-01-07-02-02-02-24,4.437770833333333,/home/caryzxy/datasets/Audio_Speech_Actors_01-24/Actor_24/03-01-07-02-02-02-24.wav,24
24_19_03-01-08-02-02-01-24,3.6703333333333332,/home/caryzxy/datasets/Audio_Speech_Actors_01-24/Actor_24/03-01-08-02-02-01-24.wav,24
24_20_03-01-08-01-01-02-24,3.4701458333333335,/home/caryzxy/datasets/Audio_Speech_Actors_01-24/Actor_24/03-01-08-01-01-02-24.wav,24
24_21_03-01-01-01-01-01-24,3.703708333333333,/home/caryzxy/datasets/Audio_Speech_Actors_01-24/Actor_24/03-01-01-01-01-01-24.wav,24
24_22_03-01-03-02-02-02-24,3.8705416666666665,/home/caryzxy/datasets/Audio_Speech_Actors_01-24/Actor_24/03-01-03-02-02-02-24.wav,24
24_23_03-01-05-02-01-01-24,4.371041666666667,/home/caryzxy/datasets/Audio_Speech_Actors_01-24/Actor_24/03-01-05-02-01-01-24.wav,24
24_24_03-01-04-02-01-01-24,4.404395833333333,/home/caryzxy/datasets/Audio_Speech_Actors_01-24/Actor_24/03-01-04-02-01-01-24.wav,24
24_25_03-01-02-02-02-01-24,4.037375,/home/caryzxy/datasets/Audio_Speech_Actors_01-24/Actor_24/03-01-02-02-02-01-24.wav,24
24_26_03-01-07-01-02-01-24,4.004,/home/caryzxy/datasets/Audio_Speech_Actors_01-24/Actor_24/03-01-07-01-02-01-24.wav,24
24_27_03-01-04-02-02-02-24,4.671333333333333,/home/caryzxy/datasets/Audio_Speech_Actors_01-24/Actor_24/03-01-04-02-02-02-24.wav,24
24_28_03-01-04-02-02-01-24,4.204208333333334,/home/caryzxy/datasets/Audio_Speech_Actors_01-24/Actor_24/03-01-04-02-02-01-24.wav,24
24_29_03-01-08-02-01-01-24,3.9372708333333333,/home/caryzxy/datasets/Audio_Speech_Actors_01-24/Actor_24/03-01-08-02-01-01-24.wav,24
24_30_03-01-03-02-02-01-24,3.8705416666666665,/home/caryzxy/datasets/Audio_Speech_Actors_01-24/Actor_24/03-01-03-02-02-01-24.wav,24
24_31_03-01-05-02-01-02-24,4.371041666666667,/home/caryzxy/datasets/Audio_Speech_Actors_01-24/Actor_24/03-01-05-02-01-02-24.wav,24
24_32_03-01-02-01-01-01-24,3.5702291666666666,/home/caryzxy/datasets/Audio_Speech_Actors_01-24/Actor_24/03-01-02-01-01-01-24.wav,24
24_33_03-01-08-01-02-02-24,3.403395833333333,/home/caryzxy/datasets/Audio_Speech_Actors_01-24/Actor_24/03-01-08-01-02-02-24.wav,24
24_34_03-01-02-02-01-01-24,4.104104166666667,/home/caryzxy/datasets/Audio_Speech_Actors_01-24/Actor_24/03-01-02-02-01-01-24.wav,24
24_35_03-01-08-02-02-02-24,3.6369583333333333,/home/caryzxy/datasets/Audio_Speech_Actors_01-24/Actor_24/03-01-08-02-02-02-24.wav,24
24_36_03-01-04-01-01-02-24,3.970625,/home/caryzxy/datasets/Audio_Speech_Actors_01-24/Actor_24/03-01-04-01-01-02-24.wav,24
24_37_03-01-07-02-02-01-24,4.2375625,/home/caryzxy/datasets/Audio_Speech_Actors_01-24/Actor_24/03-01-07-02-02-01-24.wav,24
24_38_03-01-01-01-01-02-24,3.6369583333333333,/home/caryzxy/datasets/Audio_Speech_Actors_01-24/Actor_24/03-01-01-01-01-02-24.wav,24
24_39_03-01-06-01-02-01-24,3.93725,/home/caryzxy/datasets/Audio_Speech_Actors_01-24/Actor_24/03-01-06-01-02-01-24.wav,24
24_40_03-01-06-02-01-01-24,3.8371666666666666,/home/caryzxy/datasets/Audio_Speech_Actors_01-24/Actor_24/03-01-06-02-01-01-24.wav,24
24_41_03-01-08-01-01-01-24,3.3033125,/home/caryzxy/datasets/Audio_Speech_Actors_01-24/Actor_24/03-01-08-01-01-01-24.wav,24
